:020000040800F2
:10000000484800246D030008C9640008295D000801
:10001000C56400084F0600087D8700080000000046
:10002000000000000000000000000000C36E000897
:100030007D06000800000000DD6B0008D56F000899
:100040008703000887030008870300088703000868
:100050008703000887030008870300088703000858
:100060008703000887030008870300088703000848
:100070008703000887030008870300088703000838
:100080008703000887030008870300088506000827
:10009000A506000895060008B506000887030008B5
:1000A00087030008757100088703000887030008AC
:1000B00087030008870300088703000887030008F8
:1000C00087030008870300088703000887030008E8
:1000D000870300084D8700085D8700086D870008CA
:1000E000870300088703000800000000870300085A
:1000F00087030008870300088703000887030008B8
:1001000087030008870300088703000887030008A7
:1001100087030008870300088571000895710008AF
:100120008703000887030008870300088703000887
:100130008703000887030008870300088703000877
:1001400000000000000000000000000000000000AF
:100150008703000887030008870300088703000857
:100160008703000887030008870300088703000847
:1001700087030008870300088703000800000000C9
:100180008703000887030008870300088703000827
:100190008703000887030008870300088703000817
:1001A0008703000887030008870300080000000099
:1001B00087030008870300088703000887030008F7
:1001C000870300088703000800000000000000000B
:1001D000000000000000000087030008000000008D
:1001E000000000000000000000000000000000000F
:1001F00000000000000000008703000887030008DB
:100200008703000887030008000000008703000838
:100210008703000887030008870300088703000896
:1002200087030008000000008703000800000000AA
:100230008703000887030008000000008703000808
:100240008703000887030008870300088703000866
:100250008703000887030008870300088703000856
:100260008703000887030008870300088703000846
:1002700087030008870300088703000800000000C8
:100280008703000887030008870300088703000826
:10029000000000008703000887030008000000003A
:1002A0000000000087030008870300088703000898
:1002B0003D8700088703000887030008C50600087B
:1002C000D5060008870300088703000800F002F83D
:1002D00000F03CF80AA090E8000C82448344AAF1A4
:1002E0000107DA4501D100F031F8AFF2090EBAE8A2
:1002F0000F0013F0010F18BFFB1A43F0010318475A
:1003000098A10000B8A10000103A24BF78C878C1B5
:10031000FAD8520724BF30C830C144BF04680C600B
:10032000704700000023002400250026103A28BF53
:1003300078C1FBD8520728BF30C148BF0B60704757
:100340001FB50AF059F81FBD10B510BD00F046F9F1
:100350001146FFF7F5FF08F041FD00F064F903B422
:10036000FFF7F2FF03BC00F06BF90000094880477B
:1003700009480047FEE7FEE7FEE7FEE7FEE7FEE787
:10038000FEE7FEE7FEE7FEE704480549054A064B9F
:100390007047000095700008CD0200084842002414
:1003A00048480024484400244844002453EA020CEE
:1003B00000F069802DE9F04B4FF00006002B1FBFC5
:1003C000B3FA83F503FA05F424FA05F65E4012BF8A
:1003D0001643B2FA82F502FA05F4C5F120051EBFF4
:1003E00022FA05FC44EA0C04203556EA044C4FEA94
:1003F000144418BF641C4FF000084FF000099042ED
:1004000071EB030C39D3002919BFB1FA81F701FA56
:1004100007F6B0FA80F700FA07F6C7F120071EBF0B
:1004200020FA07FC46EA0C062037B6FBF4FCA7EBE3
:100430000507103F07F01F0BCBF120060CFA0BFB52
:100440002CFA06F644BFB3460026202FA4BF5E4612
:100450004FF0000B5BEA060C08BF4FF0010B19EBE5
:100460000B09ABFB027C48EB0608C01B06FB02CC69
:100470000BFB03CC71EB0C01C1E70B460246414676
:100480004846BDE8F08B13B54FF000004FF0000177
:10049000AFF30080BDE81C407047032A40F2308073
:1004A00010F0030C00F0158011F8013BBCF1020FB5
:1004B000624498BF11F801CB00F8013B38BF11F836
:1004C000013BA2F1040298BF00F801CB38BF00F84D
:1004D000013B11F0030300F02580083AC0F00880CA
:1004E00051F8043B083A51F804CBA0E80810F5E7AE
:1004F000121D5CBF51F8043B40F8043BAFF3008091
:10050000D20724BF11F8013B11F801CB48BF11F805
:10051000012B24BF00F8013B00F801CB48BF00F8D5
:10052000012B704710B5203AC0F00B80B1E818508D
:10053000203AA0E81850B1E81850A0E81850BFF4CD
:10054000F5AF5FEA027C24BFB1E81850A0E818506C
:1005500044BF18C918C0BDE810405FEA827C24BFC0
:1005600051F8043B40F8043B08BF7047D20728BF4E
:1005700031F8023B48BF11F8012B28BF20F8023B9D
:1005800048BF00F8012B70474FF0000200B513463A
:1005900094469646203922BFA0E80C50A0E80C50A3
:1005A000B1F12001BFF4F7AF090728BFA0E80C5054
:1005B00048BF0CC05DF804EB890028BF40F8042B4D
:1005C00008BF704748BF20F8022B11F0804F18BFBA
:1005D00000F8012B7047704770477047754600F070
:1005E0002BF8AE4605006946534620F007008546C5
:1005F00018B020B5FFF7C8FEBDE820404FF0000658
:100600004FF000074FF000084FF0000B21F00701FA
:10061000AC46ACE8C009ACE8C009ACE8C009ACE83D
:10062000C0098D46704710B50446AFF300802046E0
:10063000BDE81040FFF793BE00487047E441002436
:1006400001491820ABBEFEE726000200704700BF3C
:10065000FEE710B58CB004462C2101A8FFF794FFEB
:1006600001A9204600F060FF069828B12068806943
:1006700020F00100216888610CB010BD704772B68F
:1006800000BFFEE710B5024801F070F810BD000091
:100690006400002410B5024801F068F810BD0000A5
:1006A0006400002410B5024801F060F810BD00009D
:1006B0000401002410B5024801F058F810BD0000F4
:1006C0000401002410B5024801F050F810BD0000EC
:1006D000A401002410B5024801F048F810BD000044
:1006E000A401002410B501464A6B0868D0F88400C4
:1006F0004FF6FC74A04340EA82000C68C4F8840002
:100700000868D0F8840020F47F04088F44EA004091
:100710000C68C4F88400886B02440868D0F888002C
:100720004FF6FC74A04340EA82000C68C4F88800CD
:100730000868D0F8880020F4FE04888F44EA00405E
:100740000C68C4F88800C86B02EB40020868D0F857
:10075000A0004FF6FC74A04340EA82000C68C4F885
:10076000A0000868D0F8A00020F4FE044020405A01
:1007700044EA00400C68C4F8A000D1E9104004FB32
:1007800000220868D0F8B0004FF6FC74A04340EA9D
:1007900082000C68C4F8B0000868D0F8B00020F4FB
:1007A000FE04B1F8480044EA00400C68C4F8B00008
:1007B000D1E9124004FB00220868D0F8AC004FF6E3
:1007C000FC74A04340EA82000C68C4F8AC00D1E994
:1007D000144004FB00220868D0F8F0004FF6FC74C7
:1007E000A04340EA82000C68C4F8F0000868D0F822
:1007F000F00020F47C14B1F8580044EA00400C6882
:10080000C4F8F000886D02EB40020868D0F8C00020
:100810004FF6FC74A04340EA82000C68C4F8C000A4
:100820000868D0F8C00020F47C14B1F85C0044EAF9
:1008300000400C68C4F8C0000868D0F8C00020F080
:100840007C5491F8600044EA00600C68C4F8C00071
:100850002A4C486B04EB8000C866CC6E886B04EBB6
:1008600080040C670C6FC86B04EBC0044C67D1E9C3
:10087000100460434C6F04EB80048C67D1E91204D0
:1008800060438C6F04EB8004CC67D1E914046043AF
:10089000CC6F04EB8004802044504458886D04EBF6
:1008A000C004842044508C6EC86D60438424645816
:1008B00004EB8004882044508C6E086E60438824CA
:1008C000645804EB80049020445040580C4CA042E3
:1008D00009D99831486840F020004860032001F8A9
:1008E0009809012010BDCB6E02E0002018601B1D8E
:1008F000902040589842F8D80020F3E700AC004020
:10090000FCD300402DE9F041054614461E46D1F8BF
:1009100004C0BCF1000F0AD1D1F810C0D1F8088092
:100920004CEA080CB1F800804CEA88430BE0D1F89F
:1009300010C04CF0804CD1F808804CEA080CD1F87B
:1009400000804CEA080391F82080D1F81CC04CEAE2
:10095000086CD1F818804CEA080CD1F814804CEAE5
:10096000080CB1F80C804CEA0847D5F868C00CFBBD
:1009700006FCD5F8848008EB8C021360121D17600A
:10098000121D002019E000F1030C14F80CC04FEA0E
:100990000C6800F1020C14F80CC048EA0C4800F195
:1009A000010C14F80CC048EA0C2C14F800804CEA36
:1009B000080CC2F800C0121D001DDFF81480D1F829
:1009C0000CC018F80CC08445DDD8BDE8F0810000EB
:1009D00004A400082DE9F041044601F0B1FC804672
:1009E00014B90120BDE8F08194F83500022808D040
:1009F0008020606500BF002084F8340000BF012023
:100A0000F0E7FE492068884249D0FC491831206847
:100A1000884244D0F9493031206888423FD0F749B4
:100A20004831206888423AD0F449603120688842D1
:100A300035D0F24978312068884230D0EF49903182
:100A4000206888422BD0ED49A8312068884226D002
:100A5000EB492068884222D0E94918312068884251
:100A60001DD0E74930312068884218D0E449483128
:100A70002068884213D0E2496031206888420ED055
:100A8000DF4978312068884209D0DD4990312068FB
:100A9000884204D0DA49A8312068884201D1012077
:100AA00000E0002068B12068006820F01E00216886
:100AB00008602068406920F080002168486125684E
:100AC00006E02068006820F00E00216808602568B4
:100AD000CA492068884270D0C849183120688842C5
:100AE0006BD0C64930312068884266D0C34948314E
:100AF0002068884261D0C1496031206888425CD05A
:100B0000BE4978312068884257D0BC49903120686E
:100B1000884252D0B949A831206888424DD0B8499E
:100B20002068884249D0B64918312068884244D0AC
:100B3000B3493031206888423FD0B14948312068FC
:100B400088423AD0AE4960312068884235D0AC49FD
:100B500078312068884230D0A94990312068884295
:100B60002BD0A749A8312068884226D0A549206803
:100B7000884222D0A3491431206888421DD0A1495F
:100B800028312068884218D09E493C31206888422C
:100B900013D09C495031206888420ED09949643165
:100BA0002068884209D0974978312068884204D06B
:100BB00094498C312068884201D1012000E0002056
:100BC00028B1206E006820F48070216E08608B4987
:100BD0002068884249D0894918312068884244D029
:100BE00086493031206888423FD0844948312068A6
:100BF00088423AD0814960312068884235D07F49A7
:100C000078312068884230D07C4990312068884211
:100C10002BD07A49A8312068884226D078492068AC
:100C2000884222D076491831206888421DD0744904
:100C300030312068884218D0714948312068884294
:100C400013D06F496031206888420ED06C497831EA
:100C50002068884209D06A4990312068884204D0CF
:100C60006749A8312068884206D12068006820F0D2
:100C700001002168086005E02068006820F001009C
:100C80002168086011E001F05BFBA0EB080005287B
:100C90000BD920206065032084F8350000BF0020B8
:100CA00084F8340000BF01209CE6286800F00100B1
:100CB0000028E8D151492068884249D04F4918316D
:100CC0002068884244D04D493031206888423FD066
:100CD0004A494831206888423AD048496031206802
:100CE000884235D0454978312068884230D0434920
:100CF0009031206888422BD04049A8312068884232
:100D000026D03F492068884222D03D4918312068CA
:100D100088421DD03A4930312068884218D038497D
:100D200048312068884213D03549603120688842B4
:100D30000ED0334978312068884209D0304990314B
:100D40002068884204D02E49A8312068884201D109
:100D5000012000E0002040B1A66D94F85C0000F096
:100D60001F013F208840B06007E0A76D94F85C0049
:100D700000F01F01012088407860204920688842E7
:100D800076D01E4918312068884271D01B49303115
:100D9000206888426CD0194948312068884267D061
:100DA000164960312068884262D014497831206841
:100DB00088425DD0114990312068884258D00F494F
:100DC000A8312068884253D00D49206888424FD00E
:100DD0000B491831206888424AD0094930312068CF
:100DE000884245D0064948312068884240D00449AD
:100DF0006031206888423BD0014905E01000024084
:100E000010040240085402587831206888422FD0DC
:100E10002549206888422BD0234918312068884210
:100E200026D022492068884222D0204914312068E7
:100E300088421DD01D4928312068884218D01B499E
:100E40003C312068884213D01849503120688842CC
:100E50000ED0164964312068884209D01349783190
:100E60002068884204D011498C312068884201D121
:100E7000012000E0002068B1D4E919104860E06E5C
:100E800040B1E06E006820F48070E16E0860D4E943
:100E90001C104860012084F8350000BF002084F851
:100EA000340000BF00BF9DE5A00402400854025872
:100EB00070B504460CB9012070BD94F835000228C5
:100EC00003D0802060650120F6E7DC492068884275
:100ED00049D0DA4918312068884244D0D7493031A6
:100EE000206888423FD0D5494831206888423AD0AE
:100EF000D24960312068884235D0D04978312068A5
:100F0000884230D0CD499031206888422BD0CB49DF
:100F1000A8312068884226D0C9492068884222D05A
:100F2000C7491831206888421DD0C5493031206832
:100F3000884218D0C24948312068884213D0C0493D
:100F40006031206888420ED0BD49783120688842DF
:100F500009D0BB4990312068884204D0B849A831F3
:100F60002068884201D1012000E00020F0B3042075
:100F700084F83500B149206888424BD0AF49183118
:100F80002068884246D0AD4930312068884241D03F
:100F9000AA494831206888423CD0A849603120687D
:100FA000884237D0A54978312068884232D0A34999
:100FB0009031206888422DD0A049A831206888420D
:100FC00028D09F492068884224D09D491831206844
:100FD00088421FD09A493031206888421AD09849F7
:100FE00048312068884215D0954900E020E0603102
:100FF000206888420ED0924978312068884209D012
:101000008F4990312068884204D08D49A8312068EA
:10101000884206D12068006820F00100216808603D
:1010200009E12068006820F001002168086002E101
:101030002068006820F00E00216808607F49206861
:10104000884249D07D4918312068884244D07B4984
:101050003031206888423FD0784948312068884242
:101060003AD0764960312068884235D0734978316A
:101070002068884230D071499031206888422BD056
:101080006E49A8312068884226D06D492068884280
:1010900022D06B491831206888421DD06849303110
:1010A0002068884218D0664948312068884213D0A9
:1010B00063496031206888420ED0614978312068E8
:1010C000884209D05E4990312068884204D05C494A
:1010D000A8312068884206D12068006820F001000D
:1010E0002168086005E02068006820F001002168A0
:1010F000086052492068884270D0504918312068F1
:1011000088426BD04D4930312068884266D04B49C7
:1011100048312068884261D048496031206888425F
:101120005CD0464978312068884257D04349903195
:101130002068884252D04149A831206888424DD069
:101140003F492068884249D03D491831206888428B
:1011500044D03B493031206888423FD0384948313B
:10116000206888423AD0364960312068884235D0BC
:10117000334978312068884230D031499031206835
:1011800088422BD02E49A8312068884226D02D498C
:101190002068884222D02B491431206888421DD013
:1011A000284928312068884218D026493C312068D7
:1011B000884213D023495031206888420ED02149FB
:1011C00064312068884209D01E49783120688842FD
:1011D00004D01C498C312068884201D1012000E0F4
:1011E0000020D8B1206E006820F48070216E086065
:1011F000A56D94F85C0000F01F0101208840686034
:10120000D4E919104860E06E40B1E06E006820F447
:101210008070E16E0860D4E91C104860012084F8F9
:10122000350000BF002084F8340000BF206D10B1ED
:101230002046216D884700203EE600001000024055
:10124000100402400854025870B5044601F078F8C2
:1012500006462546681C10B104480078054400BFC6
:1012600001F06EF8801BA842FAD370BD0C00002478
:1012700030B5034693F89840012C01D0022C3ED1A2
:101280001868806D084030B91868C06D40F00100E2
:101290001D68E8650EE01868806D0840884206D138
:1012A0001868C06D40F002001D68E86502E0032088
:1012B0001D68E86501F4007030B11868D0F8E000EE
:1012C00010431D68C5F8E00001F4806030B1186873
:1012D000D0F8E40010431D68C5F8E40000BF1868AA
:1012E000406D0B4D0D4028431D6868650948006836
:1012F00040EA9170074D286000BF002030BDD3F850
:101300009C0040F00200C3F89C000120F6E70000BA
:10131000FFFFCF3F14A800402DE9F04104460E46E0
:101320001746706800B900E000BF94F898000228E2
:1013300032D12068D0F8C00000F07C5040B9D4F819
:101340009C0040F02000C4F89C000120BDE8F08122
:101350002068D0F8C40000F4001038B1D4F89C0024
:1013600040F40070C4F89C000120EFE72068D0F83A
:10137000C400C0F304452B463A4631462046FFF7E9
:10138000C1FA0120A8402168C1F8D0000120A8407E
:10139000C4F894000020D9E7D4F89C0040F008007D
:1013A000C4F89C000120D1E7704710B5034601B98D
:1013B00000E000BF93F89800012824D151B91868C3
:1013C000D0F8F00020F07C5040EA02601C68C4F8BD
:1013D000F00016E001290AD11868D0F8A00020F02A
:1013E000FE4040EA02601C68C4F8A00009E01868EA
:1013F000D0F8B00020F0FE4040EA02601C68C4F85B
:10140000B000002010BDD3F89C0040F00400C3F8E9
:101410009C000120F6E7F0B5024692F89860012E94
:1014200001D0022E43D1C868072800D100BF086848
:1014300018BBC868072800D000BFC86807280BD1B0
:10144000088A4FF0605747EA0040CF6940EA07201A
:101450008F6940EA07040AE0087A80070F7B40EAB8
:10146000C7600F8A40EA07404F6940EA0704D76E19
:10147000486807EB80031C6017E0C868072800D0A5
:1014800000BF0F7B086940EA4774C868072801D18C
:101490008D6903E00F7A486940EA8775176F4868DD
:1014A00007EBC0031C601B1D1D600020F0BDD2F8BF
:1014B0009C0040F00200C2F89C000120F6E770B5E5
:1014C0000446049D94F8980001280AD1080140EAD6
:1014D000820040EA430028432668C6F880000020C6
:1014E00070BDD4F89C0040F00400C4F89C000120BA
:1014F000F6E7704770B504460D460848844205D0AB
:101500000748844202D00748844205D105F00070A4
:1015100010B12046FFF79DF870BD0000A401002423
:10152000040100246400002403461868426C02F0A1
:1015300007000860C2F30220486002F018008860CB
:10154000C2F34010C860C2F380100861C2F3C0103B
:101550004861C2F3C0208861C2F30030C861C2F3A1
:1015600040300862C2F380304862C2F306408862AD
:10157000002070472DE9F04304460D469C460023A9
:1015800094F89880B8F1020F74D1402D38D12068BA
:10159000D0F8A00000F4FE0040B9D4F89C0040F060
:1015A0002000C4F89C000120BDE8F0832068D0F83A
:1015B000A40000F07F0038B9D4F89C0040F480709B
:1015C000C4F89C000120EFE72068D0F8A400C0F325
:1015D000006040B12068D0F8A0004FF00109B9EBDD
:1015E000D07F00D101232068D0F8A400C0F30520EB
:1015F0000344606C5843D4F8749009EB80014BE0CD
:10160000412D38D12068D0F8B00000F4FE0038B980
:10161000D4F89C0040F02000C4F89C000120C3E7EF
:101620002068D0F8B40000F07F0038B9D4F89C00EE
:1016300040F48070C4F89C000120B5E72068D0F821
:10164000B400C0F3006040B12068D0F8B0004FF0A3
:101650000109B9EBD07F00D101232068D0F8B40094
:10166000C0F305200344E06C5843D4F8789009EBAC
:10167000800111E06DE0206DA84207D8D4F89C00ED
:1016800040F02000C4F89C0001208DE7606D6843A5
:10169000D4F87C9009EB8001086800F0804050602D
:1016A000506820B90868C0F38A40106003E00868F9
:1016B00020F060401060086800F0005090600868FA
:1016C00000F000401061091D088880B2D0610868F0
:1016D000C0F30340D060086800F4801050610868CF
:1016E00000F4001090610868C0F30660106208689A
:1016F000C00F5062091D0F46002603E0B85D0CF8CC
:101700000600761CDFF85C90D06819F80000B04243
:10171000F4D8402D03D12068C0F8A83017E0412D3F
:1017200003D12068C0F8B83011E0202D06D2012086
:10173000A840D4F80090C9F8980008E005F01F0907
:10174000012000FA09F0D4F80090C9F89C000020AC
:101750002AE7D4F89C0040F00800C4F89C0001205F
:1017600022E7000004A40008704700002DE9F04FB4
:101770008DB00446EF4800688707EE48001D0068FA
:1017800007EA80772068006D00F470482068406D9B
:1017900000EA08082068006D00F00F092068406D1D
:1017A00000EA09092068006D00F0F00A2068406D29
:1017B00000EA0A0A2068006D00F0715B2068406D45
:1017C00000EA0B0B2068006D00F060700C90206840
:1017D000406D0C9908400C902068456D2068066D9E
:1017E000C5F3002070B1C6F3002058B100BF4FF41C
:1017F0008070216808650020CE49086000BF20463F
:10180000FFF7B2FFC5F38020C8B1C6F38020B0B1A6
:101810002068D0F8DC000A902068D0F8E4000A992B
:1018200008400A9000BF4FF48060216808650020DE
:10183000C049086000BF20460A9900F075FC67B1F6
:1018400000BFBD48384021680865B80FB949086035
:1018500000BF39462046FFF7A7FDB8F1000F0ED0B4
:1018600000BFB54808EA0000216808654FEA987093
:10187000B049086000BF4146204600F057FCB9F16E
:10188000000F0ED000BFAC4809EA000021680865CF
:101890004FEA9970A749086000BF4946204600F00A
:1018A000E3FBBAF1000F0ED000BFA3480AEA000024
:1018B000216808654FEA9A709E49086000BF51464A
:1018C000204600F0F1FBC5F3C02070B1C6F3C02084
:1018D00058B100BF4FF400602168086500209549A9
:1018E000086000BF204600F022FCC5F34020C8B1CC
:1018F000C6F34020B0B12068D0F8D8000B90206823
:10190000D0F8E0000B9908400B9000BF4FF4007036
:101910002168086500208749086000BF20460B99B0
:1019200000F003FCC5F3C04070B1C6F3C04058B12D
:1019300000BF4FF400202168086500207D49086041
:1019400000BF204600F08EFBC5F3004070B1C6F327
:10195000004058B100BF4FF4803021680865002076
:101960007449086000BF204600F0DDFBC5F38040ED
:1019700070B1C6F3804058B100BF4FF48020216899
:10198000086500206B49086000BF204600F0CAFBD4
:10199000C5F3404088B1C6F3404070B100BF4FF47A
:1019A00000302168086500206249086000BFD4F853
:1019B0009C0040F08000C4F89C000C9870B100BFFF
:1019C0005D490C980840216808650C98800F5949BA
:1019D000086000BF20460C99FFF78CFDBBF1000F9B
:1019E00010D000BF54480BEA0000216808654FEA98
:1019F0009B705049086000BFD4F89C0040EA0B007F
:101A0000C4F89C004D49206888427DD16068806898
:101A100000F00300002877D06068006A00F00F0033
:101A200009906068406A0999084009906068006AF6
:101A300000F0300008906068406A089908400890FB
:101A40006068006A00F4C07007906068406A079997
:101A5000084007906068006A00F4FC4006906068E7
:101A6000406A0699084006906068006A00F4F02019
:101A700005906068406A0599084005906068406A72
:101A800002906068006A0190099830B10998616815
:101A900008622046099900F042FB089830B1089886
:101AA000616808622046089900F03BFB0298C0F389
:101AB0008010A0B10198C0F3801080B16068C06B45
:101AC000000C04906068C06B00F03F000390402061
:101AD000616808622046DDE9032100F021FB0798D8
:101AE00030B10798616808622046079900F016FB3C
:101AF000069840B1069861680862D4F89C0006997F
:101B00000843C4F89C0000E00AE0059840B105983D
:101B100061680862D4F89C0005990843C4F89C00E9
:101B2000D4F89C0010B12046FFF7E3FC0DB0BDE8EF
:101B3000F08F000010A80040FFFFCF3F00A0004042
:101B400070B594B004464C22B34901A8FEF7EAFCF4
:101B500014B9012014B070BDB0492068884203D187
:101B6000206800F580706060A068B0F5407F00D10B
:101B700000BF206C00B100BFA06C00B100BF206DA1
:101B800000B100BF206E00B100BFD4E917100844B7
:101B900000B100BF94F8980028B9002084F899009B
:101BA000204600F03DF92068806920F0100021688F
:101BB000886100F0C5FB05460EE000F0C1FB401B4C
:101BC0000A2809D99834606840F001006060032059
:101BD00004F898090120BDE72068806900F008003A
:101BE0000828EAD02068806940F0010021688861F7
:101BF00000F0A6FB05460EE000F0A2FB401B0A2801
:101C000009D99834606840F001006060032004F84E
:101C1000980901209EE72068806900F001000028F3
:101C2000EAD02068806940F0020021688861207C49
:101C3000012806D12068806920F040002168886171
:101C400005E02068806940F0400021688861607C80
:101C5000012806D12068806940F4804021688861AD
:101C600005E02068806920F4804021688861A07CBC
:101C7000012806D12068806920F48050216888619D
:101C800005E02068806940F4805021688861206800
:101C9000806920F44070A168084321688861206849
:101CA000806920F0A400216888612068006920F024
:101CB000100021680861E068012806D12068806969
:101CC00040F004002168886120E0E068F0B1E0683D
:101CD000022815D02068806940F080002168886162
:101CE0002068006940F0100021680861E06803285E
:101CF0000CD12068806940F020002168886105E0EF
:101D00002068806940F0200021688861207E401EA4
:101D10004106E069401E41EA0020216A491E08434D
:101D2000A18A491E40EA01402168C861A068B0F557
:101D3000407F0FD1A06A401EE16A491E40EA01219E
:101D4000206B401E41EA0011A08C401E41EA004079
:101D50002168C860206E38B12068D0F8C000616E7C
:101D600008432168C1F8C000D4E91710084460B1E5
:101D70002068D0F8C80020F0070001AAA16E52F830
:101D8000211008432168C1F8C800206C60B12068A8
:101D9000D0F8BC0020F0070001AA616C52F82110B5
:101DA00008432168C1F8BC00A06C68B12068D0F875
:101DB000BC0020F0700101AAE06C52F8200041EA5A
:101DC00000102168C1F8BC00206D68B12068D0F80F
:101DD000BC0020F4E06101AA606D52F8200041EAE5
:101DE00000202168C1F8BC000C492068884205D158
:101DF0006068806820F0030061688860002044F813
:101E0000940FA06001202071943C2046FEF76AFCEC
:101E1000064630469EE6000014A4000800A00040DC
:101E200010B5B6B00446142130A8FEF7ADFBB821BA
:101E300002A8FEF7A9FB83492068884252D14FF4DB
:101E400000410020CDE9021048031D9002A800F0D7
:101E500075FF08B1FEF713FC7B480068401C7A4907
:101E600008600846006801280DD100BF7748006867
:101E700040F48070754908600846006800F480707E
:101E8000019000BF00BF00BF70480C38006840F0F0
:101E900001006E490C3908600846006800F0010036
:101EA000019000BF00BF4FF4C0503090022031902D
:101EB0000020329033900920349030A9644800F01B
:101EC00037F900221146132000F074FC132000F0B3
:101ED0005DFC00221146152000F06CFC152000F07E
:101EE00055FCACE05B492068884252D14FF4004178
:101EF0000020CDE9021048031D9002A800F01EFF4B
:101F000008B1FEF7BCFB50480068401C4E49086011
:101F10000846006801280DD100BF4C48006840F415
:101F200080704A4908600846006800F4807001909B
:101F300000BF00BF00BF45480C38006840F00200F9
:101F400042490C3908600846006800F00200019020
:101F500000BF00BF4FF4405030900220319000206D
:101F6000329033900920349030A93B4800F0E0F8DB
:101F700000221146142000F01DFC142000F006FC85
:101F800000221146162000F015FC162000F0FEFB82
:101F900055E032492068884251D14FF40041002079
:101FA000CDE9021048031D9002A800F0C7FE08B159
:101FB000FEF765FB24480068401C2349086008467A
:101FC000006801280DD100BF2048006840F48070EF
:101FD0001E4908600846006800F48070019000BF48
:101FE00000BF00BF19480C38006840F008001749CE
:101FF0000C3908600846006800F00800019000BF36
:1020000000BF4FF4405030900220319000203290B9
:1020100033900520349030A9114800F089F800224F
:1020200011469F2000F0C6FB9F2000F0AFFB00226E
:102030001146A02000F0BEFBA02000F0A7FB36B0A8
:1020400010BD000000A0004000000024EC44025835
:102050000000025800A400400004025800D40040D0
:10206000000C02587047000070B504460E4600256B
:102070000A48844200D10AE00948844201D101257E
:1020800005E00848844201D1022500E070BD2946E0
:10209000204606F003FD00BFF8E7000064000024BE
:1020A00004010024A401002470B504460E46002556
:1020B0000A48844200D10AE00948844201D101253E
:1020C00005E00848844201D1022500E070BD2946A0
:1020D000204606F035FD00BFF8E70000640000244C
:1020E00004010024A4010024014691F8980001286D
:1020F0000CD1022081F898000868806920F0010066
:102100000A6890610020C1F89C007047D1F89C00DB
:1021100040F00400C1F89C000120F6E770477047CA
:1021200070477047704770477047704770477047F7
:10213000F8B502460B4600216D4DD2E001278F40D5
:102140001E6806EA0704002C72D01E7906F003060A
:10215000012E04D01E7906F00306022E13D19068DA
:102160004F000326BE40B0434F00DE68BE40304300
:102170009060506801268E40B0431E79C6F3001669
:102180008E40304350601E7906F00306032E09D0BE
:10219000D0684F000326BE40B0434F009E68BE404B
:1021A0003043D0601E7906F00306022E13D1CF080B
:1021B00002F1200656F827004E07F70E0F26BE4004
:1021C000B0434F07FF0E1E69BE403043CF0802F1F7
:1021D000200646F8270010684F000326BE40B04393
:1021E0001E7906F003064F00BE40304310605E6863
:1021F00006F44036002E73D000BF3E4E366846F0DF
:1022000002063C4F3E603E46366806F002060096E7
:1022100000BF00BF384E8F0856F827008E07370FD3
:102220000F26BE40B043354EB24202D1002629E00F
:1022300056E0334EB24201D1012623E0314EB24284
:1022400001D102261EE0304EB24201D1032619E030
:102250002E4EB24201D1042614E02D4EB24201D1DD
:1022600005260FE02B4EB24201D106260AE02A4E87
:10227000B24201D1072605E0284EB24201D109261B
:1022800000E00A268F073F0FBE4030431A4E8F08EA
:1022900046F827004FF0B0463068A0435E6806F469
:1022A000801606B120434FF0B04630607068A043FE
:1022B0005E6806F4001606B120434FF0B046706029
:1022C0006868A0435E6806F4003606B12043686083
:1022D0002868A0435E6806F4803606B12043286073
:1022E000491C1E68CE40002E7FF428AFF8BD0000C8
:1022F00080000058F44402580804005800000258B6
:102300000004025800080258000C0258001002583D
:102310000014025800180258001C025800240258E9
:1023200010B5426921EA020302EA010443EA0443C8
:10233000836110BD0AB1816101E00B0483617047C4
:10234000014800687047000004000024024692F82B
:10235000410020282DD100BF92F84000012801D172
:1023600002207047012082F8400000BF242082F83C
:1023700041001068006820F00100136818601068C0
:10238000006820F4805013681860106800680843E3
:10239000136818601068006840F001001368186046
:1023A000202082F8410000BF002082F8400000BFDA
:1023B000D7E70220D5E710B502460B4692F8410058
:1023C00020282AD100BF92F84000012801D1022024
:1023D00010BD012082F8400000BF242082F8410097
:1023E0001068006820F0010014682060106801681F
:1023F00021F4706141EA03211068016010680068EF
:1024000040F0010014682060202082F8410000BFE5
:10241000002082F8400000BFDAE70220D8E7000081
:1024200010B504460CB9012010BD94F8410028B93C
:10243000002084F84000204600F05EF8242084F854
:1024400041002068006820F0010021680860606891
:1024500020F07060216808612068806820F40040E6
:1024600021688860E068012805D1A06840F4004038
:102470002168886004E0A06840F404402168886016
:10248000E068022806D12068406840F400602168B6
:10249000486005E02068406820F4006021684860DA
:1024A0002068406813490843216848602068C06874
:1024B00020F400402168C860D4E904010843A16900
:1024C00040EA01202168C860D4E907010843216877
:1024D00008602068006840F0010021680860002062
:1024E0006064202084F841000020206384F84200CA
:1024F00000BF99E70080000210B5B6B00446142171
:1025000030A8FEF741F8B82102A8FEF73DF81E49B1
:102510002068884236D108210020CDE9021022909F
:1025200002A800F00BFC08B1FEF7A9F800BF17489D
:10253000006840F00200154908600846006800F095
:102540000200019000BF00BF4FF440703090122095
:1025500031900020329033900420349030A90C4800
:10256000FFF7E6FD00BF09480830006840F400109E
:102570000649083108600846006800F40010019020
:1025800000BF00BF36B010BD00540040E044025808
:1025900000040258034800680349097808440149C7
:1025A00008607047040000240C00002410B50320CC
:1025B00000F03EF901F036FC10490968C1F303212F
:1025C0000F4A515C01F01F0120FA01F40B4800682A
:1025D00000F00F001146085C00F01F0024FA00F024
:1025E00008490860084804600F2000F00FF808B19F
:1025F000012010BD00F0B8F80020FAE71844025896
:1026000088A40008140000241000002470B58AB0CB
:102610000446102C0AD200222146192000F0CAF8E4
:10262000192000F0B3F81948046002E001200AB054
:1026300070BD00BF1648006840F0010014490860F2
:102640000846006800F00100009000BF00BF01A92B
:1026500002A801F067FB01F0D3FB45000D48B5FB74
:10266000F0F0461E0C480D49086040F2E7310B4877
:10267000C160466000210161816002F073FA18B9FF
:10268000064802F0E5FAD2E70120D0E7080000246E
:10269000F044025840420F00000001402807002487
:1026A0004178154A116014490831096821F0010187
:1026B000114A08321160121F41681160017B09073D
:1026C000C27A41EA0261827A41EAC241427B41EA2E
:1026D0008241827B41EA4241C27B41EA0241427A25
:1026E00041EA0221027A41EA420102781143024A98
:1026F000083211607047000098ED00E000BF00BF95
:1027000000BFBFF35F8F00BF00BF00BF0548006878
:1027100020F48030034908600020024970310860CD
:102720007047000024ED00E040F001010D4A116007
:102730000C497039096841F480310A4A703A1160D5
:1027400000BF00BF00BFBFF34F8F00BF00BF00BF7F
:1027500000BF00BF00BFBFF36F8F00BF00BF00BF4F
:102760007047000094ED00E008B500BF064800681F
:1027700040F00200044908600846006800F00200CA
:10278000009000BF00BF08BDF4440258014608464F
:1027900000280DDB00BF00BF00F01F0301229A409C
:1027A00043099B0003F1E023C3F8002100BF00BFF1
:1027B00000BF70472DE9F05F80460D46164606F0D3
:1027C0000BF8074639462A46334601F00700C0F1A8
:1027D000070ABAF1040F02D94FF0040A01E0C0F170
:1027E000070AD14600F1040ABAF1070F02D24FF0EE
:1027F000000A01E0A0F1030AD4464FF0010A0AFAE8
:1028000009FAAAF1010A0AEA020A0AFA0CFA4FF0D6
:10281000010B0BFA0CFBABF1010B0BEA030B4AEAC1
:102820000B042146404605F0DFFFBDE8F09F0000A5
:1028300000BF00F00702064B19684FF6FF0319406E
:10284000044B0B4343EA0221014B196000BF704760
:102850000CED00E00000FA0570B50446154800686C
:10286000C0F3800048B91348006800F00700A04298
:1028700001D0012070BD0020FCE70E48006820F068
:10288000070020430B490860FFF75AFD054607E0A3
:10289000FFF756FD401BB0F57A7F01D90120E9E72B
:1028A000044808380068C0F340300028F0D0002009
:1028B000E0E700000C48025810B501F069FA05493C
:1028C0000968C1F30211044A515C01F01F01C840BC
:1028D00010BD00002044025888A4000870B50146CD
:1028E000844D2D6805F00303824D2D68C5F3053036
:1028F000804D2D1D2D68C5F300147E4D14352D68B7
:10290000C5F3CC0515FB04F501EE105AB8EE411ADB
:10291000F0EE410A00286FD023B1012B4ED0022BDC
:102920006BD16BE0734D283D2D68C5F340153DB369
:10293000704D283D2D68C5F3C1066F4D25FA06F28E
:1029400001EE102AF8EE411A01EE100AB8EE411A13
:1029500081EE812A9FED691AC0EE811A654D10350E
:102960002D68C5F3080501EE105AB8EE411A31EE94
:10297000811AF7EE001A31EE211A22EE010A1CE04C
:1029800001EE100AB8EE411ADFED5D1A81EE812AE0
:102990009FED5A1AC0EE811A564D10352D68C5F3B9
:1029A000080501EE105AB8EE411A31EE811AF7EE21
:1029B000001A31EE211A22EE010A5BE001EE100A44
:1029C000B8EE411ADFED4F1A81EE812A9FED4B1AC6
:1029D000C0EE811A474D10352D68C5F3080501EE8C
:1029E000105AB8EE411A31EE811AF7EE001A31EEA4
:1029F000211A22EE010A3DE077E01DE001EE100A07
:102A0000B8EE411A9FED402AC2EE011A9FED3B1A23
:102A100080EE812A374D10352D68C5F3080501EE8B
:102A2000105AB8EE411A32EE011AB7EE002A31EE12
:102A3000021A21EE810A1DE001EE100AB8EE411AD9
:102A4000DFED301A81EE812A9FED2C1AC0EE811A3B
:102A5000284D10352D68C5F3080501EE105AB8EE63
:102A6000411A31EE811AF7EE001A31EE211A22EEE8
:102A7000010A00BF00BF1F4D10352D68C5F3462564
:102A800001EE105AB8EE411AF7EE001A31EE211A93
:102A9000C0EE011ABCEEE11A81ED001A154D103599
:102AA0002D68C5F3064501EE105AB8EE411AF7EE4F
:102AB000001A31EE211AC0EE011ABCEEE11A81EDC6
:102AC000011A0C4D10352D68C5F3066501EE105A3C
:102AD000B8EE411AF7EE001A31EE211AC0EE011AD3
:102AE000BCEEE11A81ED021A03E000250D604D6095
:102AF0008D6070BD284402580090D003000000464D
:102B00000024744C0024744A20BCBE4B70B50146AE
:102B1000844D2D6805F00303824D2D68C5F30550E3
:102B2000804D2D1D2D68C5F300247E4D1C352D686C
:102B3000C5F3CC0515FB04F501EE105AB8EE411AA9
:102B4000F0EE410A00286FD023B1012B4ED0022BAA
:102B50006BD16BE0734D283D2D68C5F340153DB337
:102B6000704D283D2D68C5F3C1066F4D25FA06F25C
:102B700001EE102AF8EE411A01EE100AB8EE411AE1
:102B800081EE812A9FED691AC0EE811A654D1835D4
:102B90002D68C5F3080501EE105AB8EE411A31EE62
:102BA000811AF7EE001A31EE211A22EE010A1CE01A
:102BB00001EE100AB8EE411ADFED5D1A81EE812AAE
:102BC0009FED5A1AC0EE811A564D18352D68C5F37F
:102BD000080501EE105AB8EE411A31EE811AF7EEEF
:102BE000001A31EE211A22EE010A5BE001EE100A12
:102BF000B8EE411ADFED4F1A81EE812A9FED4B1A94
:102C0000C0EE811A474D18352D68C5F3080501EE51
:102C1000105AB8EE411A31EE811AF7EE001A31EE71
:102C2000211A22EE010A3DE077E01DE001EE100AD4
:102C3000B8EE411A9FED402AC2EE011A9FED3B1AF1
:102C400080EE812A374D18352D68C5F3080501EE51
:102C5000105AB8EE411A32EE011AB7EE002A31EEE0
:102C6000021A21EE810A1DE001EE100AB8EE411AA7
:102C7000DFED301A81EE812A9FED2C1AC0EE811A09
:102C8000284D18352D68C5F3080501EE105AB8EE29
:102C9000411A31EE811AF7EE001A31EE211A22EEB6
:102CA000010A00BF00BF1F4D18352D68C5F346252A
:102CB00001EE105AB8EE411AF7EE001A31EE211A61
:102CC000C0EE011ABCEEE11A81ED001A154D18355F
:102CD0002D68C5F3064501EE105AB8EE411AF7EE1D
:102CE000001A31EE211AC0EE011ABCEEE11A81ED94
:102CF000011A0C4D18352D68C5F3066501EE105A02
:102D0000B8EE411AF7EE001A31EE211AC0EE011AA0
:102D1000BCEEE11A81ED021A03E000250D604D6062
:102D20008D6070BD284402580090D003000000461A
:102D30000024744C0024744A20BCBE4B2DE9F041A1
:102D400004460025A8464FF00062D4E90010114067
:102D50000020134659404040014331D1606E48B1D4
:102D6000B0F5801F0DD0B0F5001F11D0B0F5401F99
:102D700016D114E0FE48006840F40030FC490860B9
:102D800010E0022104F1080003F02AFF054609E0E3
:102D9000022104F1280003F0D5FF054602E001E01E
:102DA000012500BF00BF55B9F1482430006820F468
:102DB0004010616E0843EE492431086000E0A846E7
:102DC0004FF48072D4E9001011400020134659409E
:102DD000404001432ED1A06D05281BD2DFE800F052
:102DE000030A11181900E248006840F40030E04975
:102DF000086011E0002104F1080003F0F1FE05462F
:102E00000AE0002104F1280003F09CFF054603E0DE
:102E100002E001E0012500BF00BF55B9D4482430CD
:102E2000006820F00700A16D0843D14924310860F3
:102E300000E0A8464FF48062D4E900101140002061
:102E400013465940404001433DD1D4F8A400B0F5A9
:102E5000C00F24D007DC68B1B0F5001F11D0B0F569
:102E6000800F1FD114E0B0F5000F19D0B0F5200F7E
:102E700018D116E0BE48006840F40030BC49086034
:102E800012E0002104F1080003F0AAFE05460BE061
:102E9000002104F1280003F055FF054604E003E09B
:102EA00002E001E0012500BF00BF5DB9B0482C3051
:102EB000006820F46000D4F8A4100843AC492C3119
:102EC000086000E0A8464FF40062D4E90001104019
:102ED000002113465840494008433DD1D4F8A8008A
:102EE000B0F1407F24D007DC68B1B0F1807F11D011
:102EF000B0F1007F1FD114E0B0F1806F19D0B0F1B4
:102F0000A06F18D116E09A48006840F40030984944
:102F1000086012E0002104F1080003F061FE05469C
:102F20000BE0002104F1280003F00CFF054604E04B
:102F300003E002E001E0012500BF00BF5DB98C485D
:102F40002C30006820F0E060D4F8A81008438849CD
:102F50002C31086000E0A8464FF00073D4E900105F
:102F60001940002059404040014328D1E06CA8B1ED
:102F7000102804D0202809D0302810D10DE07C483A
:102F8000006840F400307A4908600AE0022104F148
:102F9000080003F025FE054603E002E001E00125FC
:102FA00000BF00BF55B972482030006820F03000E3
:102FB000E16C08436E492031086000E0A8464FF4F8
:102FC0008053D4E90010194000205940404001438B
:102FD00037D1E06DB0F5005F1AD004DC50B1B0F528
:102FE000805F1ED10DE0B0F5405F18D0B0F5804F86
:102FF00017D115E05E48006840F400305C49086075
:1030000011E0002104F1080003F0EAFD05460AE0A2
:10301000002104F1280003F095FE054603E002E0DC
:1030200001E0012500BF00BF55B9514824300068B8
:1030300020F4E040E16D08434D492431086000E090
:10304000A8464FF40053D4E900101940002059401D
:103050004040014335D1206EB0F5403F1ED007DC23
:1030600068B1B0F5803F0BD0B0F5003F19D10EE04C
:10307000B0F5802F13D0B0F5A02F12D110E012E0E0
:10308000012104F1080003F0ABFD05460BE001212E
:1030900004F1280003F056FE054604E003E002E0D8
:1030A00001E0012500BF00BF55B931482430006858
:1030B00020F4E020216E08432D492431086000E00F
:1030C000A8464FF48042D4E9000110400021134685
:1030D00058404940084337D1D4F8AC00B0F1405FC4
:1030E0001ED007DC68B1B0F1805F0BD0B0F1005F9B
:1030F00019D10EE0B0F1804F13D0B0F1A04F12D132
:1031000010E012E0012104F1080003F069FD05461A
:103110000BE0012104F1280003F014FE054604E051
:1031200003E002E001E0012500BF00BF5DB91048E7
:103130002C30006820F0E040D4F8AC1008430C4973
:103140002C31086000E0A8464FF40043D4E90001A8
:10315000184000215840494008432AD1E06EB8B1D8
:10316000B0F1805F06D0B0F1005F12D109E000003D
:103170002C440258F948006840F40030F7490860D0
:1031800009E0012104F1080003F02AFD054602E0F0
:1031900001E0012500BF00BF55B9F04824300068A8
:1031A00020F04050E16E0843EC492431086000E013
:1031B000A8464FF08073D4E9001019400020594010
:1031C0004040014328D1A06CA8B1012804D00228B6
:1031D00009D0032810D10DE0E048006840F4003029
:1031E000DE4908600AE0022104F1080003F0F8FC5F
:1031F000054603E002E001E0012500BF00BF55B92C
:10320000D6482030006820F00300A16C0843D34961
:103210002031086000E0A8464FF48003D4E9001094
:10322000194000205940404001437DD1CC480068FE
:1032300040F48070CA490860FFF782F8064606E04D
:10324000FFF77EF8801B642801D9032505E0C448F8
:10325000006800F480700028F2D000BF85BBBF4832
:103260004430006800F44070B4F8B01001F44071CC
:10327000884213D0B9484430006820F44077B748FA
:103280004430006840F48030B44944310860084656
:10329000006820F48030086008460760D4F8B00069
:1032A000B0F5807F15D1FFF74BF8064609E0FFF730
:1032B00047F8801B41F28831884202D9032507E094
:1032C00038E0A64844300068C0F340000028EED043
:1032D00000BF55BB00BFB4F8B00000F44070B0F5BB
:1032E000407F0ED19D481C38006820F47C519D4AD7
:1032F000D4F8B000104041EA101098491C39086019
:1033000007E096481C38006820F47C5093491C392B
:103310000860924844300068B4F8B010C1F30B0163
:1033200008438E49443101E005E001E0086002E015
:10333000A84600E0A8460122D4E90001104000217F
:10334000134658404940084330D1A06F18281AD07E
:1033500005DC48B1082808D0102817D10CE0202837
:1033600012D0282812D110E012E0012104F1080047
:1033700003F036FC05460BE0012104F1280003F0C0
:10338000E1FC054604E003E002E001E0012500BFA6
:1033900000BF55B971482830006820F03800A16F8F
:1033A00008436E492831086000E0A8460223D4E9AA
:1033B00000101940002059404040014329D1606F5E
:1033C000062816D2DFE800F003040B12131412E0F3
:1033D000012104F1080003F003FC05460BE0012184
:1033E00004F1280003F0AEFC054604E003E002E02F
:1033F00001E0012500BF00BF55B9584828300068DA
:1034000020F00700616F084354492831086000E04C
:10341000A8460422D4E90010114000201346594068
:10342000404001432BD1D4F89000062816D2DFE8A3
:1034300000F003040B12131412E0012104F1080040
:1034400003F0CEFB05460BE0012104F1280003F058
:1034500079FC054604E003E002E001E0012500BF3D
:1034600000BF5DB93D482C30006820F00700D4F85B
:103470009010084339492C31086000E0A846202309
:10348000D4E900011840002158404940084337D191
:10349000D4F88C00B0F1405F1ED007DC68B1B0F109
:1034A000805F0BD0B0F1005F19D10EE0B0F1804F1A
:1034B00013D0B0F1A04F12D110E012E0002104F1BE
:1034C000080003F08DFB05460BE0022104F1280003
:1034D00003F038FC054604E003E002E001E00125CA
:1034E00000BF00BF5DB91D482830006820F0E040F3
:1034F000D4F88C10084319492831086000E0A84628
:103500004023D4E9001019400020594040400143B5
:103510003CD1D4F89800B0F5406F25D007DC68B1F5
:10352000B0F5806F0BD0B0F5006F20D10EE0B0F594
:10353000805F1AD0B0F5A05F19D117E019E0002123
:1035400004F1080003F04CFB054612E0022104F1EF
:10355000280003F0F7FB05460BE000002C4402585E
:1035600000480258FFFCFF0F03E002E001E00125E4
:1035700000BF00BF4DB9FE48006820F4E050D4F809
:1035800098100843FA49086000E0A8468023D4E96F
:1035900000101940002059404040014335D1D4F873
:1035A0009C00B0F5C04F1ED007DC68B1B0F5005FDD
:1035B0000BD0B0F5804F19D10EE0B0F5004F13D00D
:1035C000B0F5204F12D110E012E0002104F1080004
:1035D00003F006FB05460BE0022104F1280003F08E
:1035E000B1FB054604E003E002E001E0012500BF75
:1035F00000BF4DB9DE48006820F46040D4F89C104C
:103600000843DB49086000E0A8460823D4E900012C
:103610001840002158404940084317D1D4F8800091
:10362000B0F5805F07D1022104F1280003F08AFB86
:1036300008B14FF00108CE48001F006820F4405048
:10364000D4F880100843CA49091F08601023D4E940
:1036500000011840002158404940084315D1D4F8D2
:103660009400B0F5807F07D1022104F1280003F017
:1036700069FB08B14FF00108BD48006820F44070B4
:10368000D4F894100843BA4908604FF40023D4E9F1
:1036900000011840002158404940084327D1D4F880
:1036A000A00030B1B0F5803F0AD0B0F5003F0FD197
:1036B0000DE0002104F1080003F092FA054609E04C
:1036C000022104F1280003F03DFB054602E001E081
:1036D000012500BF00BF4DB9A548006820F4403067
:1036E000D4F8A0100843A249086000E0A8464FF4AF
:1036F0008023D4E900011840002158404940084384
:103700002DD1D4F88400B0F5801F06D0B0F5001F8D
:103710000CD0B0F5401F11D10FE095482C3800684F
:1037200040F4003092492C39086009E0012104F18D
:10373000280003F007FB054602E001E0012500BF79
:1037400000BF5DB98A48001F006820F44010D4F81B
:10375000841008438649091F086000E0A8464FF41A
:103760008032D4E9000110400021134658404940FE
:10377000084325D1206D18B1B0F5803F10D108E085
:103780007B482C38006840F4003079492C390860B7
:1037900008E0022104F1080003F022FA054601E0E6
:1037A000012500BF00BF55B971480C38006820F4EE
:1037B0008030216D08436E490C39086000E0A8464E
:1037C0004FF00053D4E90010194000205940404008
:1037D000014307D1022104F1280003F0B3FA08B134
:1037E0004FF001084FF40032D4E9000110400021ED
:1037F000134658404940084327D1E06FA0B1B0F5C7
:10380000807F06D0B0F5007F0CD0B0F5407F0CD1A2
:1038100009E057482C38006840F4003054492C39EE
:10382000086004E003E002E001E0012500BF00BF02
:1038300055B94F48001F006820F44070E16F0843FD
:103840004B49091F086000E0A8464FF48012D4E9F4
:10385000001011400020134659404040014309D157
:1038600043480838006820F00040216F0843404971
:10387000083908604FF40013D4E900011840002112
:1038800058404940084309D139480838006820F0B9
:103890008070A16E08433649083908604FF08043B4
:1038A000D4E900101940002059404040014311D193
:1038B00000BF2F484838006820F400402C494839A0
:1038C000086008460068D4F8B4100843284948390D
:1038D000086000BF4FF00042D4E900011040002111
:1038E000134658404940084309D121480C38006824
:1038F00020F04050616D08431D490C3908604FF4B9
:103900000002D4E900101140002013465940404005
:1039100001430AD11648001F006820F44000D4F883
:10392000881008431249091F0860012200216068BD
:10393000104049405040014306D104F1080003F013
:103940004FF9054605B1A8460222002160681040E3
:1039500049405040014307D1012104F1080003F020
:103960003FF9054605B1A84604230020616801E03F
:10397000584402581940042240405140084307D19E
:10398000022104F1080003F02BF9054605B1A84611
:103990000823002061681940082240405140084334
:1039A00007D1002104F1280003F0CCF9054605B148
:1039B000A846102300206168194010224040514061
:1039C000084307D1012104F1280003F0BBF90546A3
:1039D00005B1A846202200216068104049405040AF
:1039E000014307D1022104F1280003F0ABF9054699
:1039F00005B1A846B8F1000F02D10020BDE8F08162
:103A00000120FBE72DE9F04104460D4614B90120E1
:103A1000BDE8F081BD48006800F00F00A8420ED25A
:103A2000BA48006820F00F002843B84908600846EB
:103A3000006800F00F00A84201D00120E8E72078DC
:103A400000F0040004280ED1B1492069096801F092
:103A50007001884207D9AE48006820F070002169E3
:103A60000843AB490860207800F00800082811D10D
:103A7000A749091D6069096801F07001884209D9E8
:103A8000A348001D006820F0700061690843A04948
:103A9000091D0860207800F01000102811D19C4901
:103AA000091DA069096801F4E061884209D99848B4
:103AB000001D006820F4E060A16908439449091DD5
:103AC0000860207800F02000202811D190490831AA
:103AD000E069096801F07001884209D98C48083012
:103AE000006820F07000E1690843894908310860E6
:103AF000207800F0020002280ED18549E0680968AC
:103B000001F00F01884207D98148006820F00F00BA
:103B1000E16808437E490860207800F00100002831
:103B200050D07B48006820F47060A1680843784951
:103B300008606068022807D1754818380068C0F32B
:103B40004040F8B9012063E76068032807D1704856
:103B500018380068C0F34060A0B9012058E76068D9
:103B6000012807D16A4818380068C0F3002048B916
:103B700001204DE7664818380068C0F3800008B996
:103B8000012045E762480838006820F007006168B6
:103B900008435F4908390860FEF7D2FB064608E093
:103BA000FEF7CEFB801B41F28831884201D9032009
:103BB0002EE757480838006800F038006168B0EB1D
:103BC000C10FEDD1207800F0020002280ED150493B
:103BD000E068096801F00F01884207D24C4800688C
:103BE00020F00F00E1680843494908604748006831
:103BF00000F00F00A8420ED94448006820F00F00E2
:103C00002843424908600846006800F00F00A842B7
:103C100001D00120FCE6207800F0040004280ED139
:103C20003B492069096801F07001884207D2384891
:103C3000006820F070002169084335490860207849
:103C400000F00800082811D13149091D6069096890
:103C500001F07001884209D22D48001D006820F053
:103C60007000616908432A49091D0860207800F046
:103C70001000102811D12649091DA069096801F416
:103C8000E061884209D22248001D006820F4E0600B
:103C9000A16908431E49091D0860207800F0200032
:103CA000202811D11A490831E069096801F0700132
:103CB000884209D216480830006820F07000E16997
:103CC000084313490831086000F0ACF8104909684E
:103CD000C1F303210F4A515C01F01F0120FA01F7E3
:103CE0000B48006800F00F001146085C00F01F0050
:103CF00027FA00F00849086008480760084800688B
:103D0000FEF784FC8046404682E600000020005218
:103D10001844025888A4000814000024100000244D
:103D2000080000243F220260174A126802F00702CE
:103D30004260154A0832126802F470628260124AC8
:103D40000832126802F00F02C2600F4A083212688D
:103D500002F0700202610C4A0C32126802F070022A
:103D60004261094A0C32126802F4E0628261064A3A
:103D70001032126802F07002C261044A126802F046
:103D80000F020A60704700001044025800200052E1
:103D900010B500F047F80D490968C1F303210C4A3A
:103DA000515C01F01F0120FA01F40848006800F09E
:103DB0000F001146085C00F01F0024FA00F00549CE
:103DC0000860054804600846006810BD18440258A1
:103DD00088A40008140000241000002400B5FFF798
:103DE000D7FF05490968C1F30211044A515C01F08B
:103DF0001F01C84000BD00001C44025888A40008F0
:103E000000B5FFF7C5FF05490968C1F30221044A5F
:103E1000515C01F01F01C84000BD00001C44025865
:103E200088A40008F0B5824E366806F0380636B130
:103E3000082E15D0102E15D0182E7DD114E07C4EF2
:103E4000103E3668C6F3401646B1794E103E3668CD
:103E5000C6F3C107774E26FA07F000E07548E5E0A3
:103E60007548E3E07548E1E0714E1836366806F0B3
:103E700003046F4E18363668C6F305116C4E1C36B7
:103E8000366806F001056A4E24363668C6F3CC065D
:103E900016FB05F601EE106AB8EE410A002971D052
:103EA00024B1012C50D0022C6DD16DE0604E103E3B
:103EB0003668C6F340163EB35D4E103E3668C6F314
:103EC000C1075C4E26FA07F301EE103AF8EE411AEC
:103ED00001EE101AB8EE411A81EE812A9FED581AB0
:103EE000C0EE011A524E20363668C6F3080601EEBF
:103EF000106AB8EE411A31EE811AF7EE001A31EE6F
:103F0000211A62EE010A1EE001EE101AB8EE411A03
:103F1000DFED4C1A81EE812A9FED491AC0EE011A9D
:103F2000434E20363668C6F3080601EE106AB8EE36
:103F3000411A31EE811A00E076E0F7EE001A31EE18
:103F4000211A62EE010A5BE001EE101AB8EE411A86
:103F50009FED3D2AC2EE011A9FED391A80EE012A2B
:103F6000334E20363668C6F3080601EE106AB8EE06
:103F7000411A32EE011AB7EE002A31EE021A61EE52
:103F8000810A3DE04EE01DE001EE101AB8EE411A44
:103F9000DFED2E1A81EE812A9FED291AC0EE011A5B
:103FA000234E20363668C6F3080601EE106AB8EED6
:103FB000411A31EE811AF7EE001A31EE211A62EE43
:103FC000010A1DE001EE101AB8EE411A9FED1E2AFB
:103FD000C2EE011A9FED1A1A80EE012A144E203605
:103FE0003668C6F3080601EE106AB8EE411A32EEE2
:103FF000011AB7EE002A31EE021A61EE810A00BF03
:1040000000BF0B4E20363668C6F34626721C01EE02
:10401000102AB8EE411AC0EE811ABCEEE11A11EE78
:10402000100A00E0002001E0034800BF00BFF0BD1F
:10403000104402580090D00300093D0040787D01F3
:10404000000000460024744C0024744A20BCBE4B7F
:104050002DE9F047044614B90120BDE8F087207827
:1040600000F00100002870D0F948006800F038081E
:10407000F7481830D0F80090B8F1100F06D0B8F11A
:10408000180F0FD109F0030002280BD1F0481038A7
:104090000068C0F3404000286AD06068002867D1FB
:1040A0000120DAE700BF6068B0F5803F08D1E8483A
:1040B0001038006840F48030E549103908602EE07F
:1040C000606868B9E2481038006820F48030E04940
:1040D000103908600846006820F4802008601EE05F
:1040E0006068B0F5A02F0DD1D9481038006840F4B1
:1040F0008020D749103908600846006840F48030B5
:1041000008600CE0D2481038006820F48030D049B4
:10411000103908600846006820F48020086000BF5D
:10412000606898B1FEF70CF9054606E0FEF708F95D
:10413000401B642801D903208FE7C5481038006868
:10414000C0F340400028F1D012E012E0FEF7F8F88A
:10415000054606E0FEF7F4F8401B642801D9032069
:104160007BE7BB4810380068C0F340400028F1D11D
:1041700000BF207800F00200022879D1B44800681E
:1041800000F03808B2481830D0F80090B8F1000FAD
:1041900005D0B8F1180F35D109F0030088BBAC4841
:1041A00010380068C0F3800018B1E06808B9012039
:1041B00053E7A7481038006820F01900E168084369
:1041C000A34910390860FEF7BBF8054606E0FEF784
:1041D000B7F8401B022801D903203EE79C4810385D
:1041E0000068C0F380000028F1D099480C380068BE
:1041F00020F0FE40217C40EA016095490C390860BE
:1042000045E0FFE7E06838B391481038006820F0D7
:104210001900E16808438E4910390860FEF790F8EC
:10422000054606E0FEF78CF8401B022801D9032062
:1042300013E7874810380068C0F380000028F1D0E9
:1042400083480C38006820F0FE40217C40EA016081
:104250007F490C3908601AE07D481038006820F06A
:1042600001007B4910390860FEF76AF8054607E04F
:104270000EE0FEF765F8401B022801D90320ECE6AA
:10428000734810380068C0F380000028F1D100BFE7
:10429000207800F0100010286FD16D48006800F001
:1042A00038086B481830D0F80090B8F1080F06D0E5
:1042B000B8F1180F1CD109F00300012818D1644887
:1042C00010380068C0F3002020B1E069802801D0D8
:1042D0000120C2E600BF5E48001F006820F07C504D
:1042E00094F8201040EA01605949091F086043E032
:1042F000E06938B356481038006840F080005449EF
:1043000010390860FEF71CF8054606E0FEF718F8BD
:10431000401B022801D903209FE64D481038006851
:10432000C0F300200028F1D000BF4948001F0068FA
:1043300020F07C5094F8201040EA01604449091FA5
:10434000086019E042481038006820F080004049B9
:1043500010390860FDF7F4FF054606E0FDF7F0FFB1
:10436000401B022801D9032077E63948103800683D
:10437000C0F300200028F1D100BF207800F0080031
:10438000082836D16069D0B131486430006840F007
:1043900001002F4964310860FDF7D2FF054606E0B1
:1043A000FDF7CEFF401B022801D9032055E628481F
:1043B00064300068C0F340000028F1D019E02448C0
:1043C0006430006820F00100214964310860FDF785
:1043D000B7FF054606E0FDF7B3FF401B022801D9F1
:1043E00003203AE61A4864300068C0F34000002811
:1043F000F1D1207800F02000202838D1A069D0B178
:1044000013481038006840F4805011491039086092
:10441000FDF796FF054606E0FDF792FF401B0228D8
:1044200001D9032019E60A4810380068C0F340306B
:104430000028F1D01BE006481038006820F48050B6
:10444000034910390860FDF77BFF054609E00000CD
:1044500010440258FDF774FF401B022801D90320C5
:10446000FBE5D0480068C0F340300028F2D1207846
:1044700000F0040004287DD1CB48006840F480702F
:10448000C9490860FDF75CFF054606E0FDF758FFE7
:10449000401B642801D90320DFE5C348006800F40D
:1044A00080700028F2D000BFA068012808D1BD4864
:1044B0007030006840F00100BA49703108602DE0AA
:1044C000A06868B9B7487030006820F00100B549AD
:1044D000703108600846006820F0040008601DE0A4
:1044E000A06805280DD1AF487030006840F0040086
:1044F000AC49703108600846006840F0010008606F
:104500000CE0A8487030006820F00100A549703127
:1045100008600846006820F00400086000BFA0683A
:10452000A0B1FDF70DFF054608E0FDF709FF401BB0
:1045300041F28831884201D903208EE599487030D4
:104540000068C0F340000028EFD013E0FDF7F8FE4C
:10455000054608E0FDF7F4FE401B41F28831884231
:1045600001D9032079E58F4870300068C0F340001E
:104570000028EFD1606A00287DD08A48103000689A
:1045800000F03800182877D0606A022875D1854875
:10459000006820F0807083490860FDF7D1FE054671
:1045A00006E0FDF7CDFE401B022801D9032054E5AB
:1045B0007C480068C0F340600028F2D100BFD4E915
:1045C0000A1041EA001077492831096840F2F332B5
:1045D00091430843734928310860208E401EC0F380
:1045E0000800616B491E4FF47E4202EA41210843F4
:1045F000218F491ED20102EA014108433C21095D95
:10460000491E120202EA016108436649303108601E
:1046100000BF081F006820F00100091F0860614802
:10462000343000684FF6F8718843A16C40EAC1004D
:104630005C49343108605B482C30006820F00C0085
:10464000216C084357492C3108600846006820F067
:104650000200616C084353492C3108600846006829
:1046600040F4803008600846006840F4003008607C
:104670000846006802E092E038E01FE040F4802045
:1046800008600846006840F001000860454800687E
:1046900040F0807043490860FDF752FE054606E091
:1046A000FDF74EFE401B022801D90320D5E43D480A
:1046B0000068C0F340600028F2D070E0394800681C
:1046C00020F0807037490860FDF73AFE054606E0A5
:1046D000FDF736FE401B022801D90320BDE4314816
:1046E0000068C0F340600028F2D158E02D4828301F
:1046F00007682C4830300668606A012821D007F02E
:104700000301A06A81421CD1C7F30511E06A884207
:1047100017D1C6F30801206B401E814211D1606B96
:10472000401EC6F3462188420BD1A06B401EC6F343
:104730000641884205D1E06B401EC6F306618842FF
:1047400001D0012089E4174834300068C0F3CC0759
:10475000A06CB84223D013482C30006820F0010030
:1047600010492C310860FDF7EBFD054600BFFDF751
:10477000E7FD401BFBD00B48343000684FF6F87162
:104780008843A16C40EAC1000649343108600548FD
:104790002C30006840F0010002492C3108600020F4
:1047A0005BE40000004402580048025870B504461B
:1047B0000CB9012070BD606A00B900BF0021A16280
:1047C0006349206888420CD062492068884208D03A
:1047D00061492068884204D0E0680F2801D901208F
:1047E000E8E7204602F060FB054659492068884208
:1047F00009D058492068884205D057492068884226
:1048000001D0082D0DD852492068884207D051495F
:104810002068884203D050492068884203D1102D77
:1048200001D90120C6E794F8810028B9002084F856
:104830008000204600F092F8022084F88100206871
:10484000006820F00100216808602068806800F49A
:10485000F816A069B0F1806F11D16068B0F5800FD3
:1048600001D1A06B28B1606848B9A06BB0F1805F3E
:1048700005D12068006840F48050216808606068B5
:1048800000F48000B0F5800F0BD1E068072808D352
:104890002068006820F48070216D0843216808605A
:1048A00005E02068006820F4807021680860A16A33
:1048B000E06908433043E16B0843E168084321683D
:1048C0008860616A606B0843A16B0843A169084373
:1048D0002169084361690843216A08436168084304
:1048E000E16C0843A1680843A16C0843A16D08432B
:1048F0002168C860606878B92068806820F4C0507A
:1049000040F40060216888602068806820F4C060FE
:1049100040F48060216888602068006D20F001000C
:1049200021680865606800F48000B0F5800F07D149
:104930002068C06820F00040616D08432168C860AD
:104940000020C4F88400012084F88100002031E7B1
:104950000030014000380040003C004010B5B6B0C7
:104960000446142130A8FBF70FFEB82102A8FBF77C
:104970000BFE3C492068884236D181140020CDE9E5
:104980000210199002A8FEF7D9F908B1FBF777FEDB
:1049900000BF3548006840F480503349086008463D
:1049A000006800F48050019000BF00BF00BF2E4897
:1049B0001038006840F001002B49103908600846A3
:1049C000006800F00100019000BF00BFF0203090AF
:1049D000022031900020329033900520349030A98D
:1049E0002248FDF7A5FB3AE021492068884236D1EC
:1049F00041140020CDE902101A9002A8FEF79EF99A
:104A000008B1FBF73CFE00BF1748006840F40050B7
:104A1000154908600846006800F40050019000BF86
:104A200000BF00BF10481038006840F010000E4969
:104A3000103908600846006800F01000019000BFBF
:104A400000BF4FF4F04030900220319000203290AF
:104A500033900520349030A90648FDF769FB36B045
:104A600010BD000000300140F04402580000025820
:104A70000034014000100258704770477047000032
:104A800030B502460B4600BF92F83C00012801D128
:104A9000022030BD012082F83C0000BF022082F8D5
:104AA0003D001068416810688468254D1068A84270
:104AB00003D0244D1068A84203D121F47001586836
:104AC000014321F0700118680143106841601C4DDA
:104AD0001068A84223D01068B0F1804F1FD01A4D43
:104AE0001068A8421BD0194D1068A84217D0184D65
:104AF0001068A84213D0134D1068A8420FD0154D6E
:104B00001068A8420BD0144D1068A84207D0134D6E
:104B10001068A84203D0124D1068A84205D124F0B5
:104B200080049868044310688460012082F83D0086
:104B300000BF002082F83C0000BF00BFA9E70000D2
:104B40000000014000040140000400400008004053
:104B5000000C0040001800400040014000E0004010
:104B600000E4004010B504460CB9012010BD94F8D3
:104B70003D0028B9002084F83C00204600F02AF8C7
:104B8000022084F83D00211D206802F00BFB01206B
:104B900084F8480000BF84F83E0001213F20015501
:104BA0004020015541200155422001554320015527
:104BB00000BF00BF012084F8440045200155462075
:104BC00001554720015500BF012084F83D00002019
:104BD000CCE7000038B504461A492068884216D14F
:104BE00000BF1948006840F01000174908600846E7
:104BF000006800F01000009000BF00BF00221146C6
:104C00003620FDF7D7FD3620FDF7C0FD19E00F492E
:104C10002068884215D100BF0B48006840F0200092
:104C2000094908600846006800F02000009000BFB5
:104C300000BF002211463720FDF7BCFD3720FDF7ED
:104C4000A5FD38BD00100040E844025800140040A3
:104C5000014691F83D00012801D001207047022053
:104C600081F83D000868C06840F001000B68D8601A
:104C7000204B0868984223D00868B0F1804F1FD0BD
:104C80001D4B086898421BD01C4B0868984217D0EF
:104C90001B4B0868984213D01A4B086898420FD0F3
:104CA000194B086898420BD0184B0868984207D0F7
:104CB000174B0868984203D0164B0868984210D1E9
:104CC00008688068144B00EA0302062A0FD0B2F588
:104CD000803F0CD00868006840F001000B68186045
:104CE00005E00868006840F001000B6818600020CB
:104CF000B4E700000000014000040040000800404C
:104D0000000C004000040140001800400040014039
:104D100000E0004000E4004007000100704770B56B
:104D200004462068C6682068056905F0020002286C
:104D300019D106F00200022815D1401F2168086130
:104D4000012020772068806900F0030018B1204618
:104D5000FFF7E4FF05E0204600F01CF9204600F0D4
:104D600033FA0020207705F00400042819D106F05A
:104D70000400042815D1C04321680861022020776F
:104D80002068806900F4407018B12046FFF7C6FF24
:104D900005E0204600F0FEF8204600F015FA00205D
:104DA000207705F00800082819D106F00800082827
:104DB00015D1C04321680861042020772068C069AC
:104DC00000F0030018B12046FFF7A8FF05E02046D9
:104DD00000F0E0F8204600F0F7F90020207705F019
:104DE0001000102819D106F01000102815D1C0436A
:104DF00021680861082020772068C06900F44070AD
:104E000018B12046FFF78AFF05E0204600F0C2F8FF
:104E1000204600F0D9F90020207705F0010048B1C4
:104E200006F0010030B16FF00100216808612046F2
:104E300000F08AFA05F08000802804D005F40050C4
:104E4000B0F5005F0AD106F08000802806D16FF42B
:104E50000250216808612046FFF70FFE05F48070BC
:104E6000B0F5807F0AD106F08000802806D16FF46B
:104E70008070216808612046FFF7FEFD05F04000C4
:104E8000402809D106F04000402805D1C0432168E0
:104E90000861204600F0C8FA05F02000202809D15A
:104EA00006F02000202805D1C04321680861204673
:104EB000FFF7E4FD70BD000010B586B00446142174
:104EC00001A8FBF761FB2068B0F1804F36D100BF2D
:104ED0002B48006840F00100294908600846006836
:104EE00000F00100009000BF00BF00BF084600684E
:104EF00040F0020008600846006800F002000090E0
:104F000000BF00BF03200190022002900020039008
:104F100004900120059001A91A48FDF709F94FF402
:104F20004060019002200290002003900490012034
:104F3000059001A91448FDF7FBF81FE0134920680C
:104F400088421BD100BF0E48006840F004000C49A5
:104F500008600846006800F00400009000BF00BF31
:104F60004FF4707001900220029000200390049092
:104F70000220059001A90648FDF7DAF806B010BD39
:104F8000E0440258000002580004025800040040A7
:104F90000008025870472DE9F04104460D461646B8
:104FA000002700BF94F83C00012802D10220BDE890
:104FB000F081012084F83C0000BF0C2E51D005DCAC
:104FC0004EB1042E1ED0082E7AD133E0102E60D0C0
:104FD000142EF9D175E02946206802F06DF9206899
:104FE000806940F00800216888612068806920F0AD
:104FF0000400216888612068806929690843216864
:10500000886178E02946206802F0ACF92068806960
:1050100040F40060216888612068806920F4806025
:105020002168886120688069296940EA0120216837
:10503000886160E02946206802F0EEF92068C069C6
:1050400040F008002168C8612068C06920F00400B1
:105050002168C8612068C069296908432168C8615E
:1050600049E02946206802F031FA2068C06940F41E
:1050700000602168C8612068C06920F480602168F0
:10508000C8612068C069296940EA01202168C861B7
:1050900031E02946206802F053FA2068406D40F064
:1050A0000800216848652068406D20F004002168F0
:1050B00048652068406D29690843216848651AE001
:1050C00017E02946206802F073FA2068406D40F42A
:1050D0000060216848652068406D20F48060216888
:1050E00048652068406D296940EA012021684865CB
:1050F00001E0012700BF00BF00BF002084F83C0092
:1051000000BF384653E710B504460CB9012010BD66
:1051100094F83D0028B9002084F83C00204600F0B7
:1051200029F8022084F83D00211D206802F03AF899
:10513000012084F8480000BF84F83E0001213F2090
:105140000155402001554120015542200155432081
:10515000015500BF00BF012084F8440045200155DF
:10516000462001554720015500BF012084F83D002D
:105170000020CCE708B50168B1F1804F0DD100BF28
:105180000F49096841F001010D4A11601146096893
:1051900001F00101009100BF11E00A4A016891424B
:1051A0000DD100BF0649096841F00201044A1160AF
:1051B0001146096801F00201009100BF00BF08BD5F
:1051C000E8440258000400407047000070B50446EF
:1051D0000D4615B994F83E0015E0042D02D13F208C
:1051E000005D10E0082D02D14020005D0BE00C2D89
:1051F00002D14120005D06E0102D02D14220005D69
:1052000001E04320005D012801D0012070BD1DB9DF
:10521000022084F83E001AE0042D03D102213F2031
:10522000015514E0082D03D10221402001550EE064
:105230000C2D03D102214120015508E0102D03D18E
:1052400002214220015502E00221432001550122A2
:105250002946206802F01EF82F49206888420FD0A6
:105260002E49206888420BD02D492068884207D0FB
:105270002C492068884203D02B492068884201D1FC
:10528000012000E0002028B12068406C40F400407C
:105290002168486420492068884223D02068B0F102
:1052A000804F1FD02149206888421BD020492068A8
:1052B000884217D01F492068884213D017492068B8
:1052C00088420FD01C49206888420BD014492068BE
:1052D000884207D019492068884203D018492068BD
:1052E000884210D120688068164900EA0106062E1F
:1052F0000FD0B6F5803F0CD02068006840F0010068
:105300002168086005E02068006840F0010021681D
:10531000086000207AE7000000000140000401401E
:1053200000400140004401400048014000040040AA
:1053300000080040000C00400018004000E0004061
:1053400000E40040070001001CB504462B4920681A
:10535000884201D1FDF71EF929492068884227D1EA
:10536000284840684EF65F21884203D10020254935
:10537000486004E023484068401C2249486003F02C
:10538000D9FD01F0C5F803F05DFE0020009001900A
:105390001D48B0F9101000231A461C4803F05AFCAF
:1053A0001B491A4803F060FA1A49184803F0D6FC62
:1053B00019492068884220D118480078401C1749B4
:1053C00008700846007864280AD110211448FCF7B8
:1053D000A7FF20211248FCF7A3FF00200F49087007
:1053E00004F062F904F0ACFF0648407A2B2804D19F
:1053F000B42200210B4801F065FD1CBD00000140F6
:1054000000100040A4410024580F00246400002430
:10541000BC110024843D0024001400405A000024E4
:1054200000080258A80300247047014600BF91F805
:105430008400012801D102207047012081F88400F6
:1054400000BF2420C1F88800086802680868006866
:1054500020F001000B68186022F00052002048661E
:10546000086802602020C1F8880000BF002081F891
:10547000840000BF00BFDFE77047704770B5044687
:105480000D4600BF94F88400012801D1022070BDB0
:10549000012084F8840000BF2420C4F8880020681C
:1054A00006682068006820F0010021680860206814
:1054B000806820F06060284321688860204602F000
:1054C000AFF8206806602020C4F8880000BF0020E4
:1054D00084F8840000BF00BFD9E770B504460D46CC
:1054E00000BF94F88400012801D1022070BD012082
:1054F00084F8840000BF2420C4F88800206806686F
:105500002068006820F00100216808602068806839
:1055100020F06040284321688860204602F080F82F
:10552000206806602020C4F8880000BF002084F8AE
:10553000840000BF00BFD9E7704770477047000084
:105540002DE9F04704462068C56920680668206890
:10555000876840F60F0005EA0009B9F1000F0FD186
:1055600005F0200060B106F0200010B907F080506F
:1055700030B1606F10B12046616F8847BDE8F08799
:10558000B9F1000F7ED0FE48384018B9FD483040D0
:105590000028F7D005F0010058B106F4807040B142
:1055A000012021680862D4F8900040F00100C4F89E
:1055B000900005F0020058B107F0010040B1022050
:1055C00021680862D4F8900040F00400C4F890000C
:1055D00005F0040058B107F0010040B10420216833
:1055E0000862D4F8900040F00200C4F8900005F082
:1055F000080070B106F0200010B9E148384040B111
:10560000082021680862D4F8900040F00800C4F82F
:10561000900005F4006060B106F0806048B14FF47E
:10562000006021680862D4F8900040F02000C4F8BF
:105630009000D4F89000002852D005F0200050B11E
:1056400006F0200010B907F0805020B1606F10B153
:105650002046616F8847D4F890A02068806800F0E9
:105660004000402802D00AF0280070B3204602F023
:1056700001F92068806800F04000402826D100BF72
:1056800000BF00E02DE02168083151E8001F21F043
:1056900040002168083141E80002002AF1D100BF32
:1056A000D4F8800068B1B848D4F880100865D4F800
:1056B0008000FBF7FDFB98B1D4F88000016D8847AE
:1056C0000EE02046FFF73AFF0AE003E02046FFF72E
:1056D00035FF05E02046FFF731FF0020C4F89000B9
:1056E0004CE7E06E01287DD105F01000002879D04C
:1056F00006F010000028FAD0102021680862206807
:10570000806800F0400040286DD1D4F88000006827
:105710009E4988426BD0D4F8800000689B491831BC
:10572000884264D0D4F880000068984930318842BB
:105730005DD0D4F88000006894494831884256D042
:10574000D4F8800000689149603188424FD0D4F885
:10575000800000688D497831884248D0D4F88000B4
:1057600000688A499031884241D0D4F880000068AE
:105770008649A83188423AD0D4F88000006884492C
:10578000884234D0D4F880000068814918318842BA
:105790002DD0D4F8800000687D493031884226D071
:1057A000D4F8800000687A49483188421FD0D4F884
:1057B0008000006876496031884218D0D4F88000B3
:1057C000006873497831884211D0D4F880000068AD
:1057D0006F49903188420AD0D4F8800000686C4943
:1057E000A83102E0AEE069E001E0884204D1D4F8DB
:1057F00080000068406803E0D4F8800000684068DA
:105800001FFA80F8B8F1000F57D0B4F85C0040459B
:1058100053DDA4F85E80D4F88000C069B0F5807FC5
:1058200040D000BF00BF216851E8001F21F4807004
:10583000226842E800010029F5D100BF00BF00BF87
:105840002168083151E8001F21F00100216808316A
:1058500041E80002002AF3D100BF00BF00BF216869
:10586000083151E8001F21F040002168083141E86B
:105870000002002AF3D100BF2020C4F88C000020D1
:10588000E06600BF00BF216851E8001F21F0100052
:10589000226842E800010029F5D100BFD4F8800059
:1058A000FBF798F802202067B4F85C00B4F85E209B
:1058B000801A81B22046FFF7DFFD5FE634F85C0F07
:1058C0006188401A1FFA80F860885C3CC8B3B8F160
:1058D000000F36D000BF00BF216851E8001F21F43F
:1058E0009070226842E800010029F5D100BF00BF96
:1058F00000BF2168083151E8001F214AD24301EA64
:1059000002002168083141E80002002AF1D100BFFD
:105910002020C4F88C000020E066606700BF00BF54
:10592000216851E8001F21F01000226842E80001C0
:105930000029F5D100BF0220206741462046FFF72D
:105940009BFD1BE605F4801050B107F4800038B1D0
:105950004FF48010216808622046FFF7EEFD0DE647
:1059600005F08000B0B106F0800010B907F4000027
:1059700080B1A06F10B12046A16F8847FEE50000FE
:1059800001000010200100045B78000810000240B4
:105990001004024005F0400030B106F0400018B19C
:1059A000204601F09DFFE9E505F4000030B106F066
:1059B000804018B12046FFF7BFFDDFE505F080709D
:1059C00030B106F0004018B12046FFF756FDD5E58E
:1059D00000BFD3E510B504460CB9012010BDA06985
:1059E00000B100E000BFD4F8880028B9002084F896
:1059F0008400204600F02AF82420C4F8880020689B
:105A0000006820F0010021680860A06A10B12046FB
:105A100001F032FE204602F079FA012800D1DDE7DC
:105A20002068406820F490402168486020688068C1
:105A300020F02A00216888602068006840F001009A
:105A400021680860204601F093FEC7E710B5B6B0A4
:105A50000446142130A8FAF797FDB82102A8FAF7F6
:105A600093FD9049206888423FD101210020CDE973
:105A70000210209002A8FDF761F908B1FAF7FFFDC6
:105A800000BF8948006840F0100087490860084658
:105A9000006800F01000019000BF00BF00BF824806
:105AA0001038006840F002007F491039086008464D
:105AB000006800F00200019000BF00BF4FF44040BA
:105AC00030900220319000203290339004203490A6
:105AD00030A97648FCF72CFB002211462520FCF764
:105AE00069FE2520FCF752FEDAE071492068884201
:105AF00041D102200021CDE9020100201F9002A81F
:105B0000FDF71CF908B1FAF7BAFD00BF664808387E
:105B1000006840F4003064490839086008460068AD
:105B200000F40030019000BF00BF00BF5E48103895
:105B3000006840F001005C491039086008460068C0
:105B400000F00100019000BF00BF0C203090022047
:105B500031900020329033900720349030A955487E
:105B6000FCF7E6FA002211462620FCF723FE262049
:105B7000FCF70CFE94E050492068884241D1022194
:105B80000020CDE902101F9002A8FDF7D7F808B158
:105B9000FAF775FD00BF44480838006840F48020DB
:105BA0004149083908600846006800F480200190E7
:105BB00000BF00BF00BF3C481038006840F0040040
:105BC0003949103908600846006800F00400019067
:105BD00000BF00BF4FF440603090022031900020A1
:105BE000329033900720349030A93448FCF7A0FA63
:105BF000002211462720FCF7DDFD2720FCF7C6FD1B
:105C00004EE02F49206888424AD101210020CDE989
:105C10000210209002A8FDF791F808B1FAF72FFDC5
:105C200000BF2148006840F080001F490860084616
:105C3000006800F08000019000BF00BF00BF1A485C
:105C40001038006840F01000174910390860084605
:105C5000006800F01000019000BF00BF04203090E9
:105C6000022031900020329033900420349030A9EB
:105C70001448FCF75DFA0820309002203190002093
:105C8000329033900B20349030A90E48FCF750FA34
:105C9000002211469C20FCF78DFD9C20FCF776FD30
:105CA00036B010BD00100140F04402580004025804
:105CB000004400400000025800480040000802581C
:105CC000001C01400010025870B504460D461646EF
:105CD000D4F88C00202821D105B10EB9012070BD67
:105CE0000020E0660E492068884211D02068406894
:105CF00000F4000060B100BF00BF216851E8001F40
:105D000041F08060226842E800010029F5D100BF1F
:105D100032462946204602F00DFCE0E70220DEE78D
:105D2000000C00587047704700BFFEE71FB5002009
:105D30000090019002900390FCF7E0FC01208DF8A8
:105D4000000000208DF8010001901F208DF8080050
:105D500087208DF8090000208DF80A008DF80B00CF
:105D600001208DF80C008DF80D0000208DF80E003C
:105D70008DF80F006846FCF793FC0420FCF7D4FC78
:105D80001FBD000010B51D481D4908600020886037
:105D900000211B48C1600174417481740321416179
:105DA0000A2181611D21C1610A2101620321416231
:105DB0000A2181621D21C1620A2101630021416320
:105DC00001218163C16340210164042141641021E8
:105DD00081640421C1640021016504214165002121
:105DE0008165C1652021016600214166042181662B
:105DF000FBF7A6FE08B1FAF742FC10BD00A0004078
:105E00006400002410B51D481D490860002088600A
:105E100000211B48C16001744174817403214161F8
:105E20000A2181611D21C1610A21016203214162B0
:105E30000A2181621D21C1620A210163002141639F
:105E400001218163C1634021016404214164102167
:105E500081640421C16400210165042141650021A0
:105E60008165C165202101660021416604218166AA
:105E7000FBF766FE08B1FAF702FC10BD00A4004073
:105E80000401002410B51D481D49086000208860E9
:105E900000211B48C1600174417481740321416178
:105EA0000A2181611D21C1610A2101620321416230
:105EB0000A2181621D21C1620A210163002141631F
:105EC00001218163C16340210164042141641021E7
:105ED00081640421C1640021016504214165002120
:105EE0008165C1652021016600214166042181662A
:105EF000FBF726FE08B1FAF7C2FB10BD00D4004044
:105F0000A401002400B587B0142102A8FAF73CFBD5
:105F100000BF3A48006840F0100038490860084661
:105F2000006800F01000019000BF00BF00BF0846ED
:105F3000006840F0800008600846006800F08000BB
:105F4000019000BF00BF00BF0846006840F001009C
:105F500008600846006800F00100019000BF00BF23
:105F600000BF0846006840F004000860084600686A
:105F700000F00400019000BF00BF00BF08460068A9
:105F800040F0020008600846006800F0020001903E
:105F900000BF00BF00BF0846006840F0080008606E
:105FA0000846006800F00800019000BF00BF012211
:105FB00010211348FCF7BEF9002220211048FCF7FD
:105FC000B9F9002207210F48FCF7B4F930200290FC
:105FD0000120039000200490059002A90848FCF7D6
:105FE000A7F807200290012003900020049005905C
:105FF00002A90448FCF79CF807B000BDE044025831
:10600000000802580004025810B5124812490860EE
:10601000124848600021104881600121C1600021C0
:10602000016141618161C1610162FCF7F9F908B167
:10603000FAF725FB00210848FCF788F908B1FAF7C0
:106040001EFB00210448FCF7B6F908B1FAF717FB6C
:1060500010BD00000054004044020024B1757030AF
:1060600010B51548154908604FF4800048600021BC
:10607000124881600321C1600021016141614FF03C
:10608000005181610021C161016241628162C1628E
:106090004FF08041416300218163C1630164416429
:1060A0008164C164016541658165FEF77FFB08B1CC
:1060B000FAF7E5FA10BD0000003001409802002414
:1060C00010B51348134908604FF480004860002160
:1060D000104881600321C16000210161416181613B
:1060E000C161016241628162C1624FF080414163DE
:1060F00000218163C163016441648164C1640165FD
:1061000041658165FEF752FB08B1FAF7B8FA10BD98
:10611000003401402003002400B58BB0002008901B
:1061200009900A901C2101A8FAF72EFA4FF080403E
:1061300024490860EF20486000212248816044F62D
:106140001F61C1600021016180218161FEF7DBFFD9
:1061500008B1FAF794FA002008900A9008A91948A3
:10616000FEF78EFC08B1FAF78AFA60200190002051
:10617000029003900590002201A91248FEF70BFF40
:1061800008B1FAF77CFA042201A90E48FEF703FFD2
:1061900008B1FAF774FA02200390082201A909480D
:1061A000FEF7F9FE08B1FAF76AFA0C2201A90548D0
:1061B000FEF7F1FE08B1FAF762FA0248FEF77CFE3C
:1061C0000BB000BDA803002400B58BB000200890E0
:1061D00009900A901C2101A8FAF7D6F9254826490A
:1061E0000860EF20486000212348816044F61F6169
:1061F000C1600021016180218161FEF784FF08B147
:10620000FAF73DFA002008900A9008A91A48FEF70C
:1062100037FC08B1FAF733FA6020019000200290B1
:106220000220039000200590002201A91248FEF7E9
:10623000B2FE08B1FAF723FA042201A90E48FEF7CC
:10624000AAFE08B1FAF71BFA082201A90A48FEF7CC
:10625000A2FE08B1FAF713FA0C2201A90648FEF7CC
:106260009AFE08B1FAF70BFA0348FEF725FE0BB0C9
:1062700000BD000000040040F40300240EB500201F
:106280000090019002900E480E490860EF2048608F
:1062900000210C48816040F2E731C16080218161BA
:1062A000FEF760FC08B1FAF7EAF9002000900290CE
:1062B00069460448FEF7E4FB08B1FAF7E0F90EBDC1
:1062C00000100040400400240EB500200090019012
:1062D00002900E480E490860EF20486000210C48EB
:1062E000816042F20F71C16080218161FEF73AFC4A
:1062F00008B1FAF7C4F900200090029069460448FA
:10630000FEF7BEFB08B1FAF7BAF90EBD0014004063
:106310008C04002410B51848184908604FF4E13087
:106320004860002115488160C16001610C21416114
:1063300000218161C1610162416200200F498862D0
:106340000846FFF747FB08B1FAF799F900210B4817
:10635000FFF7C3F808B1FAF792F900210748FFF7F1
:106360008DF808B1FAF78BF90448FFF75EF808B129
:10637000FAF785F910BD0000001C014094060024C6
:1063800010B51848184908604FF4E1304860002102
:1063900015488160C16001610C214161002181616A
:1063A000C1610162416200200F4988620846FFF71F
:1063B00011FB08B1FAF763F900210B48FFF78DF8DC
:1063C00008B1FAF75CF900210748FFF757F808B160
:1063D000FAF755F90448FFF728F808B1FAF74FF92A
:1063E00010BD000000100140D804002410B518486A
:1063F000184908604FF4E130486000211548816079
:10640000C16001610C21416100218161C1610162B2
:10641000416200200F4988620846FFF7DBFA08B1A5
:10642000FAF72DF900210B48FFF757F808B1FAF7F2
:1064300026F900210748FFF721F808B1FAF71FF9FC
:106440000448FEF7F2FF08B1FAF719F910BD000091
:10645000004400406C05002410B518481849086035
:106460004FF4E1304860002115488160C16001614E
:106470000C21416100218161C16101624162002002
:106480000F4988620846FFF7A5FA08B1FAF7F7F84E
:1064900000210B48FFF721F808B1FAF7F0F80021C6
:1064A0000748FEF7EBFF08B1FAF7E9F80448FEF7F2
:1064B000BCFF08B1FAF7E3F810BD00000048004047
:1064C0000006002400BFFEE700BFFEE700201AE040
:1064D000022100EBC0020D4B03EB820282F8221076
:1064E00000EBC00203EB820282F8231000EBC00233
:1064F00003EB820282F8201000EBC00203EB820261
:1065000082F82110401C1028E2DB7047740A002436
:10651000002054E300EB4001FE4A02EBC10191ED83
:10652000003ABDEEC33A13EE101A012902D0022937
:106530007ED147E100EB4001F64A02EBC10191ED4B
:10654000013A00EB400102EBC101D1ED023A33EE1A
:10655000633AF0EE430AB0EE603AF0EEC33AEE4929
:1065600001EB800191ED003AF4EEC33AF1EE10FA3E
:1065700003DC9FEDEA3AF0EE430A00EB4001E54A06
:1065800002EBC10191ED053AB0EE430AB5EEC00A47
:10659000F1EE10FA08DD00EBC001E14A02EB8101E7
:1065A00091F9221000290DDDB5EEC00AF1EE10FAC6
:1065B00011D800EBC001DA4A02EB810191F82210F8
:1065C000012908D19FEDD53A00EBC001D44A02EB76
:1065D000810181ED063AB5EEC00AF1EE10FA08DD50
:1065E00000EBC001CE4A02EB810191F92310002992
:1065F0000DDDB5EEC00AF1EE10FA11D800EBC001C6
:10660000C74A02EB810191F82310012908D19FEDBF
:10661000C33A00EBC001C24A02EB810181ED073AA7
:1066200000EBC001BE4A02EB810191ED073A00E0A8
:10663000A2E2B949403901EB8001D1ED003A13EEF5
:10664000A03ADFEDB83A23EE233AF0EE431A00EB1E
:10665000C00102EB810191ED063AAF49C03901EB6F
:106660008001D1ED003A03EEA03A33EE213AB0EECC
:10667000432A9FEDAD3AB4EEC32AF1EE10FA08DDDD
:106680009FEDA93A00EBC00102EB810181ED013AD7
:1066900017E09FEDA63AB4EEC32AF1EE10FA09D244
:1066A0009FEDA23A00EBC0019D4A02EB810181ED12
:1066B000013A06E000EBC001994A02EB810181ED4D
:1066C000012A9549803901EB800191ED003AB0EE45
:1066D000431A00EBC001924A02EB810191ED013AAD
:1066E00033EE423A23EE013A01EE203A00EBC001CC
:1066F00002EB8101D1ED063A9FED8D4A43EE043A5B
:1067000000EBC00102EB8101C1ED063AB5EEC00A13
:10671000F1EE10FA0EDD012100EBC002804B03EB1D
:10672000820282F8221000EBC00203EB820282F8A0
:10673000231035E0B5EEC00AF1EE10FA0ED2FF21BB
:1067400000EBC002764B03EB820282F8221000EBD2
:10675000C00203EB820282F8231021E0B5EEC00AEA
:10676000F1EE10FA0ED1002100EBC0026C4B03EBEE
:10677000820282F8221000EBC00203EB820282F850
:1067800023100DE0022100EBC002654B03EB8202F7
:1067900082F8221000EBC00203EB820282F8231081
:1067A00000EBC0015E4A02EB810191ED073ADFED9B
:1067B000603A03EEA13A00EBC00102EB810181EDEA
:1067C000073AD9E100EB4001524A02EBC10191EDD9
:1067D000043A00EB400102EBC101D1ED033A9FED19
:1067E000554A04EE233A00EB400102EBC101D1ED22
:1067F000013A33EEC33AF0EE431AB0EE613AF0EEEE
:10680000C33AF0EE630A4C4901EB800191ED003A86
:10681000B4EEE03AF1EE10FA03D39FED403AF0EE19
:10682000431A00EBC0013E4A02EB810191ED033AAD
:106830004149403901EB8001D1ED003A13EEA13A14
:10684000DFED383A23EE233AB0EE432A3B4901EB21
:10685000800191ED003AB4EEE03AF1EE10FA34D254
:1068600000EBC00102EB810191ED023A2A4940316F
:1068700001EB8001D1ED003A03EEA13A33EE023A8A
:10688000B0EE431A9FED283AB4EEC31AF1EE10FAB7
:1068900004DD9FED253AB0EE431A0AE09FED233A5E
:1068A000B4EEC31AF1EE10FA03D29FED203AB0EE27
:1068B000431A00EB4001174A02EBC10191ED023A85
:1068C00031EE433AF0EE430A03E09FED143AF0EE66
:1068D000430A00EB40010F4A02EBC10191ED053A7A
:1068E000B0EE430AB5EEC00AF1EE10FA08DD00EB97
:1068F000C0010B4A02EB810191F92010002925DD2E
:10690000B5EEC00AF1EE10FA29D800EBC001044A36
:1069100016E00000340D00243408002400000000BC
:10692000740A00240000C84200008046000080C6AF
:106930006F12833A00F8FF4534090024340A00241A
:1069400002EB810191F82010012908D11FED0D3AC9
:1069500000EBC0019C4A02EB810181ED043A00EB9F
:10696000C001994A02EB810191ED043A974901EB8C
:106970008001D1ED003A13EEA03A5FED163A63EED6
:10698000232AB5EEC00AF1EE10FA07DD00EBC001D4
:1069900002EB810191F9211000290DDDB5EEC00A4D
:1069A000F1EE10FA11D800EBC001874A02EB810129
:1069B00091F82110012908D11FED283A00EBC00100
:1069C000814A02EB810181ED053A00EBC0017E4A6C
:1069D00002EB810191ED053A7C49803901EB8001A0
:1069E000D1ED003A03EEA03A33EE223AB0EE431A6C
:1069F0001FED333AB4EEC31AF1EE10FA08DD1FEDC5
:106A0000363A00EBC00102EB810181ED003A17E05C
:106A10001FED3A3AB4EEC31AF1EE10FA09D21FEDA7
:106A20003D3A00EBC001684A02EB810181ED003A7A
:106A300006E000EBC001644A02EB810181ED001A1F
:106A400000EBC001604A02EB810191ED023A60491E
:106A500001EB8001D1ED003A63EEA13A1FED4C4A03
:106A600003EE843A00EBC00102EB810181ED023AB2
:106A700000EBC00102EB810191ED033A5FED543A66
:106A800003EE823A00EBC00102EB810181ED033A93
:106A900000EBC00102EB810191ED043A5FED5C3A3D
:106AA00003EEA23A00EBC00102EB810181ED043A52
:106AB000B5EEC00AF1EE10FA0EDD012100EBC002C6
:106AC000414B03EB820282F8201000EBC00203EB83
:106AD000820282F8211035E0B5EEC00AF1EE10FA1C
:106AE0000ED2FF2100EBC002374B03EB820282F88B
:106AF000201000EBC00203EB820282F8211021E09B
:106B0000B5EEC00AF1EE10FA0ED1002100EBC00282
:106B10002D4B03EB820282F8201000EBC00203EB46
:106B2000820282F821100DE0022100EBC002264B08
:106B300003EB820282F8201000EBC00203EB82021A
:106B400082F8211000EBC0011F4A02EB810191ED98
:106B5000053A1E49403901EB8001D1ED003A63EE60
:106B6000A03A1FED8D4A03EE843A00EBC00102EB20
:106B7000810181ED053A00BF00BF00EBC001124A60
:106B800002EB810191ED013A02F5107101EBC001B8
:106B900081ED003A00EBC00102EB810191ED003A7A
:106BA00002F5107101EBC00181ED013A094901EBD9
:106BB000C002094901EBC0030ACB0AC2401C1028DD
:106BC000FFF6A8AC70470000740A0024F409002402
:106BD000B4080024B40E0024B40C00247047000054
:106BE0002DE9F04104460E4600275548006800F0A4
:106BF0000300032802D10120BDE8F0815048283865
:106C0000006820F080604E4928390860FBF798FB47
:106C1000054606E0FBF794FB401B022801D9032040
:106C2000EAE7474828380068C0F3C0600028F1D17F
:106C300000BF4348006820F47C30216840EA0130FE
:106C40003F490860A088401EC0F30800A168491EA3
:106C50004FF47E4202EA41210843A189491ED20134
:106C600002EA01410843217C491E120202EA016145
:106C7000084333491031086000BF3148001D0068E7
:106C800020F0C000616908432D49091D08600846CD
:106C9000006820F02000A16908432949091D086007
:106CA0000846006820F0100008602548143000688D
:106CB0004FF6F8718843E16940EAC1002049143178
:106CC00008601F48001D006840F010001C49091DA5
:106CD00008602EB90846006840F40020086012E001
:106CE000012E08D11648001D006840F48010144998
:106CF000091D086007E01248001D006840F40010FC
:106D00000F49091D08600E482838006840F080606F
:106D10000B4928390860FBF713FB054606E0FBF733
:106D20000FFB401B022801D9032065E704482838DF
:106D30000068C0F3C0600028F1D038465CE700006E
:106D4000284402582DE9F04104460E4600275548D4
:106D5000006800F00300032802D10120BDE8F081A3
:106D600050482838006820F080504E492839086083
:106D7000FBF7E6FA054606E0FBF7E2FA401B0228BD
:106D800001D90320EAE7474828380068C0F340707B
:106D90000028F1D100BF4348006820F07C702188B2
:106DA00040EA01503F490860A088401EC0F3080037
:106DB000A168491E4FF47E4202EA41210843A1899D
:106DC000491ED20102EA01410843217C491E1202F8
:106DD00002EA0161084333491831086000BF3148B5
:106DE000001D006820F44060616908432D49091DB9
:106DF00008600846006820F40070A169084329492A
:106E0000091D08600846006820F480700860254865
:106E10001C3000684FF6F8718843E16940EAC10010
:106E200020491C3108601F48001D006840F4807034
:106E30001C49091D08602EB90846006840F480000E
:106E4000086012E0012E08D11648001D006840F4C9
:106E500000001449091D086007E01248001D006881
:106E600040F080700F49091D08600E4828380068FE
:106E700040F080500B4928390860FBF761FA05465D
:106E800006E0FBF75DFA401B022801D9032065E705
:106E9000044828380068C0F340700028F1D0384614
:106EA0005CE700002844025810B501460124C86B75
:106EB00004EB5013C868421CD01DC20802FB03F04B
:106EC00010BD704710B5B42A7FDC99B964235343D1
:106ED000092493FBF4F300EE103AB8EEC00B9FEDDB
:106EE0003B1B30EE010BBCEEC00B10EE103A0468F9
:106EF00063636AE0042913D164235343092493FB99
:106F0000F4F300EE103AB8EEC00B9FED301B30EEFC
:106F1000010BBCEEC00B10EE103A0468A36354E002
:106F2000082913D164235343092493FBF4F300EE9F
:106F3000103AB8EEC00B9FED251B30EE010BBCEEF6
:106F4000C00B10EE103A0468E3633EE00C2913D145
:106F500064235343092493FBF4F300EE103AB8EE94
:106F6000C00B9FED1A1B30EE010BBCEEC00B10EEF8
:106F7000103A0468236428E0102913D16423534392
:106F8000092493FBF4F300EE103AB8EEC00B9FED2A
:106F90000F1B30EE010BBCEEC00B10EE103A046874
:106FA000A36512E064235343092493FBF4F300EE3A
:106FB000103AB8EEC00B9FED051B30EE010BBCEE96
:106FC000C00B10EE103A0468E36510BD000000002D
:106FD00000407F407047000000B59DB04C210AA8DA
:106FE000F9F7D2FA202102A8F9F7CEFA0220FBF72E
:106FF00033FC00BF002001902548006820F4404089
:10700000234908600846006800F44040019000BF32
:1070100000BF00BF1E48006800F40050B0F5005FDC
:10702000F8D102200A9001200D9040200E900220FD
:10703000139000211491042115911E211691012114
:10704000179104211891022119910C211A91002104
:107050001B911C910AA8FCF7FBFF08B1F9F70FFB85
:107060003F20029003200390002004900820059008
:1070700040200690079000010890402009900321CD
:1070800002A8FCF7BFFC08B1F9F7F9FA1DB000BD82
:10709000184802582F48006840F470002D490860D5
:1070A0002D48006800F00F00072806D22A48006823
:1070B00020F00F00C01D284908602848006840F0F3
:1070C0000100264908600020244910310860234847
:1070D000006823490840214908601F48006800F003
:1070E0000F00072806D91C48006820F00F00C01DBB
:1070F000194908600020194918310860091D086005
:10710000091D086017481549283108601648091DEF
:1071100008601648091D08600020091D0860134812
:10712000091D08600020091D08601048091D08603D
:107130000020091D08600948006820F480200749E4
:107140000860002005496031086043F2D200084918
:107150000860704788ED00E00020005200440258AB
:107160007FEDF6EA000202020000FF018002010149
:107170000040005210B50248FDF7D1FD10BD0000DF
:107180002807002410B50248FDF7C9FD10BD000016
:107190004004002410B50248FDF7C1FD10BD0000F9
:1071A0008C04002410B50268304B98420ED0B0F128
:1071B000804F0BD02E4B984208D02E4B984205D0D2
:1071C0002D4B984202D02D4B984203D122F07002F1
:1071D0004B681A43254B98421DD0B0F1804F1AD00E
:1071E000234B984217D0234B984214D0224B9842FD
:1071F00011D0224B98420ED0214B98420BD0214BFC
:10720000984208D0204B984205D0204B984202D09B
:107210001F4B984203D122F44072CB681A4322F0EC
:1072200080034C6943EA040202608B68C3620B6806
:1072300083620E4B98420BD0104B984208D0104BF3
:10724000984205D00F4B984202D00F4B984201D183
:107250000B69036301234361036903F001031BB15D
:10726000036923F00103036110BD00000000014029
:107270000004004000080040000C004000040140F1
:1072800000400140004401400048014000E000404F
:1072900000E4004030B501F01F05012404FA05F3B5
:1072A000046A9C430462046A01F01F0502FA05F5B2
:1072B0002C43046230BD000030B5026A056A25F037
:1072C0000105056243688469204D2C4024F00304C5
:1072D0000D682C4322F002028D682A431C4DA842FF
:1072E00000D10FE01B4DA84200D10BE01A4DA8427F
:1072F00000D107E0194DA84200D103E0184DA84283
:1073000006D100BF22F00802CD682A4322F0040211
:107310000F4DA8420BD00F4DA84208D00E4DA842E9
:1073200005D00E4DA84202D00D4DA84207D123F43E
:10733000807323F400734D692B438D692B434360A5
:1073400084614D684563026230BD00008FFFFEFF1F
:1073500000000140000401400040014000440140A1
:107360000048014030B5026A056A25F01005056243
:1073700043688469224D2C4024F440740D6844EA2B
:10738000052422F020028D6842EA05121D4DA84214
:1073900000D10FE01C4DA84200D10BE01B4DA842CC
:1073A00000D100BF1A4DA84200D100BF194DA8421C
:1073B00007D106E022F08002CD6842EA051222F0F1
:1073C0004002104DA8420BD00F4DA84208D00F4DDF
:1073D000A84205D00E4DA84202D00E4DA84209D1B8
:1073E00023F4806323F400634D6943EA85038D69C8
:1073F00043EA8503436084614D688563026230BD62
:10740000FF8FFFFE000001400004014000400140EA
:10741000004401400048014030B5026A056A25F485
:10742000807505624368C469224D2C4024F0030432
:107430000D682C4322F400728D6842EA05221E4D2D
:10744000A84200D10FE01D4DA84200D10BE01C4D19
:10745000A84200D100BF1B4DA84200D100BF1A4D69
:10746000A84207D106E022F40062CD6842EA052274
:1074700022F48062104DA8420BD0104DA84208D0D3
:107480000F4DA84205D00F4DA84202D00E4DA84284
:1074900009D123F4805323F400534D6943EA0513C3
:1074A0008D6943EA05134360C4614D68C563026298
:1074B00030BD00008FFFFEFF0000014000040140CE
:1074C00000400140004401400048014030B5036ADB
:1074D000056A25F4805505624468C269124D2A4048
:1074E00022F440720D6842EA052223F400538D68AD
:1074F00043EA05330D4DA8420BD00D4DA84208D0EC
:107500000C4DA84205D00C4DA84202D00B4DA8420C
:1075100004D124F480444D6944EA85144460C26176
:107520004D680564036230BDFF8FFFFE000001401F
:107530000004014000400140004401400048014077
:1075400030B5026A056A25F4803505624368446DEA
:10755000114D2C400D682C4322F400320D8942EA73
:1075600005420E4DA8420BD00D4DA84208D00D4D3E
:10757000A84205D00C4DA84202D00C4DA84204D11F
:1075800023F480334D6943EA0523436044654D6825
:107590008565026230BD00008FFFFEFF00000140E4
:1075A0000004014000400140004401400048014007
:1075B00030B5026A056A25F4801505624368446D9A
:1075C000114D2C400D6844EA052422F400120D8967
:1075D00042EA05520D4DA8420BD00D4DA84208D0ED
:1075E0000C4DA84205D00C4DA84202D00B4DA8422C
:1075F00004D123F480234D6943EA85234360446525
:107600004D68C565026230BDFF8FFFFE000001407E
:107610000004014000400140004401400048014096
:1076200070B5456E2DB90125A0F86A50A0F86850D4
:107630001CE0102310240568AD68C5F3426105689D
:10764000AD686A0F0A4DAD5C15FB04F5094EB65CDA
:1076500095FBF6F5A0F86A50054D6D5C15FB03F53A
:10766000044E765C95FBF6F5A0F8685070BD0000FE
:1076700078A4000880A4000890F8281001F0080100
:10768000082907D10168496821F40041826B114340
:107690000268516090F8281001F0010139B10168C9
:1076A000496821F40031C26A11430268516090F8C0
:1076B000281001F00201022907D10168496821F46C
:1076C0008031026B11430268516090F8281001F07C
:1076D0000401042907D10168496821F48021426B23
:1076E00011430268516090F8281001F01001102930
:1076F00007D10168896821F48051C26B1143026887
:10770000916090F8281001F02001202907D101682C
:10771000896821F40051026C11430268916090F86D
:10772000281001F04001402913D10168496821F473
:107730008011426C114302685160416CB1F5801FA9
:1077400007D10168496821F4C001826C11430268C5
:10775000516090F8281001F08001802907D101685C
:10776000496821F40021C26C1143026851607047DE
:1077700038B504460020C4F89000FAF7E1FD05464C
:107780002068006800F00800082821D16FF07E40D2
:107790002B4600224FF400110090204600F078FFA5
:1077A000B0B100BF00BF216851E8001F21F0800088
:1077B000226842E800010029F5D100BF2020C4F86A
:1077C000880000BF002084F8840000BF032038BD7B
:1077D0002068006800F00400042830D16FF07E407B
:1077E0002B4600224FF480010090204600F050FF0D
:1077F00028B300BF00BF216851E8001F21F490703A
:10780000226842E800010029F5D100BF00BF00BF97
:107810002168083151E8001F21F00100216808317A
:1078200041E80002002AF3D100BF2020C4F88C00F8
:1078300000BF002084F8840000BF0320C7E7202099
:10784000C4F88800C4F88C000020E066206700BF00
:1078500084F8840000BF00BFB9E770B50546AC6B83
:107860000020A4F85E00A4F856002046FDF766FE4E
:1078700070BD000000BF00BF026852E8002F22F474
:107880009071036843E80012002AF5D100BF00BFE1
:1078900000BF0268083252E8002F104B02EA0301D1
:1078A0000268083242E80013002BF2D100BFC16E1B
:1078B00001290CD100BF00BF026852E8002F22F05E
:1078C0001001036843E80012002AF5D100BF20210F
:1078D000C0F88C100021C16641677047FEFFFFEFC2
:1078E00010B5044600BF00BF216851E8001F21F019
:1078F0004000226842E800010029F5D100BF2020A5
:10790000C4F888000020A0672046FEF70CFA10BDDE
:107910002DE9F0410446B4F86070D4F88C002228B8
:107920006ED12068406A86B2A56D06EA07002880FD
:10793000A06D801CA065B4F85E00401EA4F85E0037
:10794000B4F85E00002861D100BF00BF216851E893
:10795000001F21F49070226842E800010029F5D14F
:1079600000BF00BF00BF2168083151E8001F21F0AF
:1079700001002168083141E80002002AF3D100BF6C
:107980002020C4F88C000020606720672049206810
:10799000884211D02068406800F4000060B100BF48
:1079A00000BF216851E8001F21F08060226842E892
:1079B00000010029F5D100BFE06E01281CD1002094
:1079C000E06600BF00BF216851E8001F21F01000F1
:1079D000226842E800010029F5D100BF2068C06993
:1079E000C0F3001010B1102021680862B4F85C10D8
:1079F0002046FDF741FD09E02046FEF793F905E03A
:107A00002068806940F0080021688861BDE8F08145
:107A1000000C00582DE9F84F0446B4F860B0206817
:107A2000C5692068006800902068D0F808A0D4F8E4
:107A30008C0022287ED1B4F86890ADE02068406ABE
:107A40001FFA80F8A76D08EA0B003880A06D801C33
:107A5000A065B4F85E00401EA4F85E002068C56909
:107A600005F00700B0B305F0010060B1009800F424
:107A7000807040B1012021680862D4F8900040F085
:107A80000100C4F8900005F0020058B10AF00100AE
:107A900040B1022021680862D4F8900040F0040050
:107AA000C4F8900005F0040058B10AF0010040B19C
:107AB000042021680862D4F8900040F00200C4F865
:107AC0009000D4F8900028B12046FDF737FD002043
:107AD000C4F89000B4F85E0000285DD100BF00BF7C
:107AE000216851E8001F21F48070226842E80001FB
:107AF0000029F5D100BF00BF00BF2168083151E85F
:107B0000001F404A01EA02002168083141E80002F2
:107B1000002AF2D100BF2020C4F88C00002060674A
:107B2000206739492068884213D02068406800F4F3
:107B3000000000E05DE060B100BF00BF216851E8D7
:107B4000001F21F08060226842E800010029F5D181
:107B500000BFE06E01281CD10020E06600BF00BF1E
:107B6000216851E8001F21F01000226842E800015E
:107B70000029F5D100BF2068C069C0F3001010B122
:107B8000102021680862B4F85C102046FDF774FCF0
:107B900002E02046FEF7C6F8B9F1000F04D005F068
:107BA000200000287FF44AAFB4F85E6006B3B4F852
:107BB0006800B04223DD00BF00BF2168083151E8F2
:107BC000001F21F080502168083141E80002002A9E
:107BD000F3D100BF0D48606700BF00BF216851E8C6
:107BE000001F41F02000226842E800010029F5D181
:107BF00005E02068806940F0080021688861BDE8E0
:107C0000F88F0000FEFFFFEF000C0058117900080C
:107C100070B50446B4F86060D4F88C0022286FD1A7
:107C20002068406A85B2F0B22840A16D0870A06D4E
:107C3000401CA065B4F85E00401EA4F85E00B4F8D5
:107C40005E00002862D100BF00BF216851E8001F1C
:107C500021F49070226842E800010029F5D100BFAC
:107C600000BF00BF2168083151E8001F21F001006A
:107C70002168083141E80002002AF3D100BF20202A
:107C8000C4F88C0000206067206721492068884282
:107C900011D02068406800F4000060B100BF00BF50
:107CA000216851E8001F21F08060226842E800014D
:107CB0000029F5D100BFE06E01281CD10020E0664C
:107CC00000BF00BF216851E8001F21F010002268AA
:107CD00042E800010029F5D100BF2068C069C0F367
:107CE000001010B1102021680862B4F85C10204622
:107CF000FDF7C2FB0AE02046FEF714F806E0FFE7B6
:107D00002068806940F008002168886170BD00002B
:107D1000000C00582DE9F05F0446B4F860A020681C
:107D2000C5692068D0F800B02068D0F80890D4F871
:107D30008C0022287ED1B4F86880ACE02068406ACC
:107D400087B20AF0FF003840A16D0870A06D401C9A
:107D5000A065B4F85E00401EA4F85E002068C56906
:107D600005F00700A8B305F0010058B10BF48070CE
:107D700040B1012021680862D4F8900040F0010071
:107D8000C4F8900005F0020058B109F0010040B1BC
:107D9000022021680862D4F8900040F00400C4F882
:107DA000900005F0040058B109F0010040B1042032
:107DB00021680862D4F8900040F00200C4F89000F6
:107DC000D4F8900028B12046FDF7B8FB0020C4F895
:107DD0009000B4F85E0000285DD100BF00BF2168AC
:107DE00051E8001F21F48070226842E80001002958
:107DF000F5D100BF00BF00BF2168083151E8001F66
:107E00003F4A01EA02002168083141E80002002AE5
:107E1000F2D100BF2020C4F88C00002060672067EA
:107E200038492068884213D02068406800F4000078
:107E300070B100E05CE000BF00BF216851E8001FA6
:107E400021F08060226842E800010029F5D100BFDE
:107E5000E06E01281CD10020E06600BF00BF216851
:107E600051E8001F21F01000226842E800010029BB
:107E7000F5D100BF2068C069C0F3001010B1102018
:107E800021680862B4F85C102046FDF7F5FA02E0BC
:107E90002046FDF747FFB8F1000F04D005F02000A1
:107EA00000287FF44BAFB4F85E6006B3B4F8680006
:107EB000B04223DD00BF00BF2168083151E8001F38
:107EC00021F080502168083141E80002002AF3D1F6
:107ED00000BF0D48606700BF00BF216851E8001F68
:107EE00041F02000226842E800010029F5D105E0B8
:107EF0002068806940F0080021688861BDE8F09F33
:107F0000FEFFFFEF000C0058117C00082DE9F04F38
:107F100089B0054600200890F8492868884200D1B9
:107F200000E000BF2969A868084369690843E96956
:107F300040EA010828680068F149084040EA080062
:107F4000296808602868406820F44050E9680843C0
:107F500029684860D5F81880E8492868884202D026
:107F6000286A40EA080828688068E649084040EA2C
:107F70000800296888602868C06A20F00F00696AD4
:107F800008432968C86200BFDF492868884220D1B9
:107F9000DE48006800F03800182811D005DC48B130
:107FA000082809D0102811D108E020280AD0282854
:107FB0000CD109E001240BE0042409E0082407E0C7
:107FC000102405E0202403E0402401E0802400BFC9
:107FD00042E1CF492868884219D1CC48006800F0B6
:107FE0000700062810D2DFE800F0030507090B0D93
:107FF00000240BE0042409E0082407E0102405E035
:10800000202403E0402401E0802400BF24E1C14992
:108010002868884219D1BD48006800F0070006288A
:1080200010D2DFE800F0030507090B0D00240BE078
:10803000042409E0082407E0102405E0202403E0DC
:10804000402401E0802400BF06E1B349286888424B
:1080500019D1AE48006800F00700062810D2DFE80A
:1080600000F0030507090B0D00240BE0042409E0D0
:10807000082407E0102405E0202403E0402401E068
:10808000802400BFE8E0A5492868884219D19F48AC
:10809000006800F00700062810D2DFE800F00305B2
:1080A00007090B0D00240BE0042409E0082407E075
:1080B000102405E0202403E0402401E0802400BFD8
:1080C000CAE097492868884220D19048006800F0AB
:1080D0003800182811D005DC48B1082809D010282C
:1080E00011D108E020280AD028280CD109E0012469
:1080F0000BE0042409E0082407E0102405E0202414
:1081000003E0402401E0802400BFA5E08549286801
:10811000884219D17D48006800F00700062810D277
:10812000DFE800F0030507090B0D00240BE0042431
:1081300009E0082407E0102405E0202403E040249F
:1081400001E0802400BF87E077492868884219D180
:108150006E48006800F00700062810D2DFE800F043
:10816000030507090B0D00240BE0042409E0082493
:1081700007E0102405E0202403E0402401E08024EF
:1081800000BF69E069492868884220D15F480068DB
:1081900000F03800182811D005DC48B1082809D0B3
:1081A000102811D108E020280AD028280CD109E095
:1081B00001240BE0042409E0082407E0102405E072
:1081C000202403E0402401E0802400BF44E058491B
:1081D0002868884220D14D48006800F038001828EF
:1081E00011D005DC48B1082809D0102811D108E0C9
:1081F00020280AD028280CD109E001240BE004240F
:1082000009E0082407E0102405E0202403E04024CE
:1082100001E0802400BF1FE03849286888421AD155
:108220003A48001D006800F00700062810D2DFE879
:1082300000F0030507090B0D02240BE0042409E0FC
:10824000082407E0102405E0202403E0402401E096
:10825000802400BF00E0802400BF284928688842AD
:108260004BD1102C1AD006DC022C09D0042C0BD0D8
:10827000082C29D10DE0202C21D0402C24D120E045
:10828000FAF71AFB064623E005A8FAF727FB069E35
:108290001EE002A8FAF73AFC039E19E01B48543886
:1082A0000068C0F3401040B1184854380068C0F36B
:1082B000C101204820FA01F600E01E4E08E01E4EE3
:1082C00006E04FF4004603E000260120089000BFBE
:1082D00000BF002E10D01949686A31F81000B6FBB3
:1082E000F0F9686800EB4000484503D8686800036F
:1082F000484525D20120089007E153E0000C0058C2
:10830000F369FFCFFFF4FF110010014054440258FD
:108310000044004000480040004C00400050004035
:108320000014014000780040007C0040001801402B
:10833000001C01400090D00300093D0060A400082B
:108340007849686A31F810C0624600233046194601
:10835000F8F72CF84FF4807C00220346A3FB0C0BAB
:1083600001FB0CB103FB02136968490884461CEB4E
:10837000010143EB0200CDE90010D5F804C06246CC
:10838000002308460199F8F711F80746B7F5407F32
:1083900005D3B7F5801F02D22868C760B5E0012079
:1083A0000890B2E0E869B0F5004F5BD1082C1AD014
:1083B00005DC5CB1012C0DD0042C2DD10EE0102C6D
:1083C00016D0202C23D0402C26D122E0FBF706FD2E
:1083D000064625E0FBF714FD064621E005A8FAF75E
:1083E0007DFA069E1CE002A8FAF790FB039E17E0B8
:1083F0004D480068C0F3401038B14B480068C0F3E6
:10840000C1014A4820FA01F600E0484E08E0484E13
:1084100006E04FF4004603E000260120089000BF6C
:1084200000BF7EB33F49686A31F81000B6FBF0F038
:108430004000696800EB5100B0FBF1F7102F0ED33C
:10844000B7F5803F0BD24FF6F07007EA000AC7F38A
:1084500042004AEA000A2868C0F80CA055E0012052
:10846000089052E0082C1BD005DC64B1012C0ED022
:10847000042C2ED10FE0102C17D0202C24D0402C0F
:1084800027D123E041E0FBF7A9FC064625E0FBF7F6
:10849000B7FC064621E005A8FAF720FA069E1CE084
:1084A00002A8FAF733FB039E17E01F480068C0F3E9
:1084B000401038B11C480068C0F3C1011B4820FAC5
:1084C00001F600E0194E08E0194E06E04FF40046B0
:1084D00003E000260120089000BF00BFAEB11149A3
:1084E000686A31F81000B6FBF0F0696800EB5100E3
:1084F000B0FBF1F7102F06D3B7F5803F03D2B8B227
:108500002968C86001E0012008900120A5F86A00F0
:10851000A5F8680000206867A867089809B0BDE85A
:10852000F08F000060A40008004402580090D003BF
:1085300000093D0030B503469965A3F85C20A3F817
:108540005E200020586700BF9868B0F5805F0AD1B0
:10855000186920B940F2FF10A3F8600020E0FF2066
:10856000A3F860001CE0986848B9186918B9FF20A2
:10857000A3F8600014E07F20A3F8600010E0986882
:10858000B0F1805F09D1186918B97F20A3F86000A5
:1085900006E03F20A3F8600002E00020A3F860009E
:1085A00000BF0020C3F890002220C3F88C0000BF59
:1085B00000BF1C68083454E8004F44F001001C68F8
:1085C000083444E80005002DF3D100BF586EB0F127
:1085D000005F2CD1B3F86800904228DC9868B0F5B1
:1085E000805F04D1186910B92548586701E0254813
:1085F0005867186960B100BF00BF1C6854E8004F9D
:1086000044F480701D6845E80004002CF5D100BFDB
:1086100000BF00BF1C68083454E8004F44F080508D
:108620001C68083444E80005002DF3D126E0986862
:10863000B0F5805F04D1186910B91348586701E09C
:1086400012485867186960B100BF00BF1C6854E841
:10865000004F44F490701D6845E80004002CF5D1EB
:108660000CE000BF00BF1C6854E8004F44F020003D
:108670001D6845E80004002CF5D100BF002030BD86
:10868000157A0008157D000811790008117C000892
:108690002DE9F04104460D4617469846069E41E0F6
:1086A000701C00283ED0F9F74BFEA0EB0800B0424A
:1086B00000D816B90320BDE8F0812068006800F0FA
:1086C000040070B3802D2DD0402D2BD02068C069C0
:1086D000C0F3C00078B10820216808622046FFF787
:1086E000C9F80820C4F8900000BF002084F8840076
:1086F00000BF0120DFE72068C069C0F3C02080B15F
:108700004FF40060216808622046FFF7B3F820208C
:10871000C4F8900000BF002084F8840000BF03204C
:10872000C9E7FFE72068C0692840A84201D10120BD
:1087300000E00020B842B3D00020BCE710B50248EA
:10874000FCF7FEFE10BD00009406002410B50248A0
:10875000FCF7F6FE10BD0000D804002410B5024856
:10876000FCF7EEFE10BD00006C05002410B50248B9
:10877000FCF7E6FE10BD00000006002400BFFEE787
:1087800010B5002022E000211DE0012200EB400393
:1087900003EBC0030F4C04EB431301EB410404EB68
:1087A000C10403F82420002200EB400303EBC003C4
:1087B000084C04EB431301EB410404EBC10403EB4D
:1087C00084035A60491C0829DFDB401C0328DADBDC
:1087D00010BD0000843D002402480068C0F3022060
:1087E000704700000CED00E010B5002804DB0A071C
:1087F000130E054A135406E00A07140E034A00F04C
:108800000F031B1FD45410BD00E400E018ED00E07E
:108810004188B0F90A20891A41F28832914203DD79
:10882000C168491EC16009E04188B0F90A20891A6F
:10883000034A914202DAC168491CC16070470000D6
:1088400078ECFFFF70B50446FBF7A2FA0549B0FBD0
:10885000F1F000FB04F500BF281EA5F10105FBD1D6
:1088600070BD000000127A0070B505460C4694F801
:108870003C00012806D002281ED0032829D0042855
:1088800041D12FE0D4ED122AB0EE622AD4ED152AA0
:10889000F0EE621AD4ED142AB0EE621AD4ED112A69
:1088A000F0EE620AD4ED102AB0EE620A2288214668
:1088B000284600F0ABFC26E094ED111AF0EE410AD8
:1088C00094ED101AB0EE410A2188284600F00CFE03
:1088D00019E0D4ED110AB0EE600A2188284601F0B3
:1088E000F5FC10E0D4ED131AB0EE611AD4ED111AB4
:1088F000F0EE610AD4ED101AB0EE610A2188284624
:1089000000F020FE00BF00BF70BD70B505460C46EC
:1089100094F83C00012806D002280AD003280FD082
:1089200004281BD113E021880022284600F040F8DB
:1089300014E021884FF48072284600F039F80DE0E9
:1089400021884FF40072284600F032F806E02188B2
:108950004FF44072284600F02BF800BF00BF70BDF6
:10896000302901DB372900DD7047018001F1110357
:108970004380012380F8583080F83C20DFED0B2A3B
:10898000C0ED112ADFED092AC0ED102ADFED072A1C
:10899000C0ED132A80ED140AC0ED150A80ED2C1AE3
:1089A000C0ED2D1A80ED2E2A00BFDDE7000000008B
:1089B0002DE9FC4106460C461546601987B2FF209A
:1089C0008DF800008DF801008DF802008DF803008D
:1089D0008DF804008DF805008DF80600FC208DF858
:1089E000070008236A463946304600F069F9BDE8B9
:1089F000FC81000010B5264800F0FAF8254800F088
:108A0000F7F8254800F0F4F8214801F0D3FC21489C
:108A100001F0D0FC204801F0CDFC1D48F9F764FBC3
:108A20001C48F9F761FB1C48F9F75EFB00220221A4
:108A30001748F8F71DFC002202211648F8F718FC29
:108A4000002202211448F8F713FC002220211048CC
:108A5000F8F70EFC002220210E48F8F709FC00224E
:108A600020210D48F8F704FC00224FF000710A485D
:108A7000F8F7FEFB00224FF000710548F8F7F8FB0D
:108A800000224FF000710348F8F7F2FB10BD000020
:108A90006400002404010024A4010024F0B58DB07A
:108AA00007460D4600200190029001AB03AA402129
:108AB0003846F8F75FFDA8BB039884B2B4F5007F91
:108AC0001CDDB4F5027F19DC601EC6B205EB450162
:108AD000194A02EB811106EB460201EBC20001A923
:108AE00000F022FC05EB4501134A02EB811106EB75
:108AF000460201EBC200FFF78BFE1AE0402C12DBAE
:108B0000472C10DCA4F14000C6B205EB05110B4A5E
:108B100002EBC11106EB061201EB021001A900F0F5
:108B20001CFC06E006E0E0B2702802D101A801F0CA
:108B3000FDFB00BF0DB0F0BD580F0024BC11002498
:108B40002DE9F0438DB007460D46002001900290BC
:108B500001AB03AA41213846F8F70CFD002840D1AB
:108B6000039CE0B2602817D3E0B26F2814D80398B2
:108B7000C0F30726A6F1500000F0FF0805EB450101
:108B8000194A02EB412108EB480201EB421001AA0D
:108B9000214600F047FE23E0E0B2102820D3E0B2E7
:108BA00017281DD8E6B2C4F30728102E17DB172E9E
:108BB00015DCA6F1100000F0FF0905EB450101EB03
:108BC000C5010A4A02EB411109EB490202EBC90255
:108BD00001EB820001AA414600F01AFC00BF00BF71
:108BE00000BF0DB0BDE8F083602B0024843D00245D
:108BF00010B58AB004460020029003900220049031
:108C00000120059000200690079002A92046F8F761
:108C100002FC012003460222114600902046F8F78C
:108C20004EFC012211462046F8F7BFFB4FF0804072
:108C30000290022005900120034602221146009076
:108C40002046F8F73CFC012202212046F8F7ADFB54
:108C50000AB010BD2DE9F04781460C4615461E4668
:108C6000DDE90878B8F1000F04D14FF40070124923
:108C7000086006E0B8F1010F03D140F2FF100E4981
:108C8000086000200C49486088600820C860200AFD
:108C90000A4908704C70280A8870CD70300A087133
:108CA0004E71380A8871CF710A4603494846F8F771
:108CB00033FBBDE8F0870000340F002418000024C7
:108CC0002DE9F04106460D4617461C462248056030
:108CD0000020214948608860082C02D80820C8601C
:108CE00028E00C2C03D109201B49C86022E0102C7D
:108CF00003D10A201849C8601CE0142C03D10B20B2
:108D00001549C86016E0182C03D10C201249C86020
:108D100010E0202C03D10D200F49C8600AE0302C50
:108D200003D10E200C49C86004E0402C02D10F2072
:108D30000949C8600020084908614FF48010486163
:108D4000400088610020C86108623A463046F8F762
:108D5000E3FABDE8F08100009811002470B50546E3
:108D60000C466078217800EB01200D4908604FF037
:108D700080404860002088600420C8606068000E61
:108D8000084908706068000C4870A088000A887064
:108D90002079C8700A4602492846F8F7BDFA70BD26
:108DA000603D002428000024014671EE602AF0EEA8
:108DB000621AB0EE602A30EE423A01208840401E2E
:108DC00002EE900AF8EEE22A63EE222A82EEA13A3F
:108DD000FDEEC32A12EE900A70470000FCF7A6FFD2
:108DE000F9F7E4FBFEF7F8F8FDF78CF8FCF7CAFF9B
:108DF000FDF708F8FDF746F8FDF78EF9FDF7E4F901
:108E0000FDF73CFAFDF760FAFDF7BAFAFDF7EEFA66
:108E1000FDF726F9FDF7F8F8FDF752F9FDF71CFB11
:108E2000FDF778FAFFF7E6FD01F06EFAB2EE042ADC
:108E3000F3EE0E1AB2EE091AF0EE000A9FED330AB5
:108E4000012230213248FFF78BFD00240DE030492C
:108E50003048FFF75AFD002303220121084600F0A5
:108E600061FD0A20F8F7F0F9641C012CEFDBFDF737
:108E70002DFBF3EE045A9FED255ADFED244A9FEDBA
:108E8000234AF2EE043A9FED213ADFED202A9FEDCE
:108E90001F2AF3EE041A9FED201AF0EE080AB2EE34
:108EA000040A012240F201211A4800F037F9012298
:108EB0001A491B48FCF708FF01221849491C1848A9
:108EC000FCF702FF3C211748FCF780F93C211648CB
:108ED000FCF77CF9002211461248FDF7F3FF2D2222
:108EE00004211048FDF7EEFF5A2200210E48FDF73D
:108EF000E9FFB42204210C48FDF7E4FF0B48FBF71F
:108F0000A7FE0B48FBF7A4FE00BFFEE70000000031
:108F1000BC110024640000240AD7233C3C00002438
:108F2000D8040024A8030024F403002440040024EF
:108F30008C04002410B500207CE00146C31700EB30
:108F40005373DB1003EB43033C4C04EB83130246E7
:108F5000C41700EB5474E410A0EBC40404EB440405
:108F600003EBC403B3F9043000EE103AB8EEC00AC4
:108F700000EB4003324C04EBC30383ED020AC3173A
:108F800000EB5373DB1003EB43032C4C04EB831314
:108F9000C41700EB5474E410A0EBC40404EB4404C5
:108FA00003EBC40393ED030AB8EEC00A00EB4003E1
:108FB000234C04EBC30383ED030AC31700EB537385
:108FC000DB1003EB43031D4C04EB8313C41700EBCE
:108FD0005474E410A0EBC40404EB440403EBC40396
:108FE0005B8800EE103AB8EE400A00EB4003144CE8
:108FF00004EBC30383ED040AC31700EB5373DB10C8
:1090000003EB43030D4C04EB8313C41700EB5474C0
:10901000E410A0EBC40404EB440403EBC40393ED9D
:10902000050A00EB4003064C04EBC30383ED010A81
:10903000411CC8B2102880DB10BD0000580F00246E
:10904000340D002430B500205EE000EB4001304AD2
:1090500002EBC10191ED000AF7EE000AB4EE600ADE
:10906000F1EE10FA20D12B4B03EBC00393ED000A75
:10907000BDEEC00A10EE103A1BB20146C41700EB59
:109080005474E41004EB4404234D05EB84140246AD
:10909000C51700EB5575ED10A0EBC50505EB4505B3
:1090A00004EBC50423822DE000EB4001184A02EBDB
:1090B000C10191ED000AF0EE000AB4EE600AF1EE93
:1090C00010FA1FD1134B03EBC00393ED010ABDEE61
:1090D000C00A10EE103A1BB20146C41700EB5474DC
:1090E000E41004EB44040C4D05EB84140246C51750
:1090F00000EB5575ED10A0EBC50505EB450504EB40
:10910000C5042382411CC8B210289EDB30BD00007C
:10911000340D0024B40E0024580F002470B503460B
:10912000B1F5007F02DDB1F5027F00DD70BD314D8C
:10913000AB4201D1002505E02F4DAB4201D1012505
:1091400000E002252C464D1E05EBC405E8B206EEF4
:10915000102AB8EE466A00EB4005284E06EBC5051E
:1091600085ED006A264D05EB800585ED000A244D4E
:10917000403505EB8005C5ED000A214D803505EB36
:10918000800585ED001A1E4DC03505EB8005C5ED47
:10919000001A1C4D05EB800585ED002A194D403560
:1091A00005EB8005C5ED002A164D803505EB8005E1
:1091B00085ED003A134DC03505EB8005C5ED003A4D
:1091C000114D05EB800585ED004A0F4D403505EB4F
:1091D0008005C5ED004A0C4D803505EB800585ED19
:1091E000005A094DC03505EB8005C5ED005A00BF9A
:1091F0009CE700006400002404010024340D0024D6
:109200007407002474080024740900242DE9F04F29
:109210002DED068B83B083460C461546B0EE40AA72
:10922000B0EE608AF0EE418AB0EE619AF0EE429ABA
:10923000A8B2009094ED2C0AB0EE401A94ED2C0ADE
:10924000B1EE400AF0EE400A1020B0EE4A0AFFF7F5
:10925000ABFD86B294ED2D0AB0EE401A94ED2D0AC6
:10926000B1EE400AF0EE400A0C20B0EE480AFFF7DB
:109270009BFD87B294ED2E0AB0EE401A94ED2E0AB3
:10928000B1EE400AF0EE400A0C20B0EE690AFFF79A
:109290008BFD1FFA80FA0C209FED211ADFED210AC9
:1092A000B0EE680AFFF780FD1FFA80F80C20B1EEDF
:1092B000041ADFED1C0AB0EE490AFFF775FD1FFA2C
:1092C00080F930128DF80400F0B28DF80500C7F374
:1092D00007108DF806003807000E40EA28208DF8A8
:1092E000070008F0FF008DF80800C9F307108DF89B
:1092F00009004FEA0970000E40EA2A208DF80A00A2
:109300000AF0FF008DF80B00082301AA58460099C7
:10931000FFF7D6FC03B0BDEC068BBDE8F08F000074
:109320000000FA430000000001220270428812B2DD
:1093300042814A780B7842EA03224280CA788B78CD
:1093400042EA032212B282804A790B7942EA03226E
:1093500012B2C2808A790272704770B504460D4617
:10936000287800F00F00606028780111A160A878CB
:10937000697840EA0121E160E8780001297940EA52
:10938000211121616879297901F00F0140EA012159
:10939000616194ED2C1AF0EE410A94ED2C1AB1EEB5
:1093A000411AB0EE410A1021E06800F0E9FF84EDB7
:1093B000080A94ED2D1AF0EE410A94ED2D1AB1EE43
:1093C000411AB0EE410A0C21206900F0D9FF84ED6A
:1093D000090A94ED2E1AF0EE410A94ED2E1AB1EE20
:1093E000411AB0EE410A0C21606900F0C9FF84ED1A
:1093F0000A0AA87900EE100AB8EE400A84ED0D0AB8
:10940000E87900EE100AB8EE400A84ED0E0A70BD4D
:1094100010B5092906D00E291CD00F2931D01029EA
:109420005FD145E013781B06547843EA04439478EF
:1094300043EA0423D478234383605379147943EABD
:1094400004231BB28381D379947943EA04231BB2AA
:10945000C38147E013781B06547843EA04439478A9
:1094600043EA0423D4782343436113791B065479D8
:1094700043EA0443947943EA0423D4792343836180
:1094800030E013781B06547843EA0443947843EAA7
:109490000423D4782343C36113791B06547943EA28
:1094A0000443947943EA0423D4792343036219E003
:1094B0005378147843EA04231BB28384D3789478D6
:1094C00043EA04231BB2C3845379147943EA042387
:1094D0001BB20385D379947943EA04231BB24385F5
:1094E00000E000BF00BF10BD2DE9F3412DED020BE0
:1094F00082B007460E4606F580701FFA80F802AC6F
:1095000003AD20788DF8000060788DF80100A07818
:109510008DF80200E0788DF8030028788DF80400BB
:1095200068788DF80500A8788DF80600E8788DF841
:10953000070008236A4641463846FFF7C1FB06B0DC
:10954000BDE8F0812DE9F3432DED040B83B0804697
:109550000F4607F540701FFA80F903AC04AD05AE65
:1095600020788DF8000060788DF80100A0788DF8E3
:109570000200E0788DF8030028788DF80400687800
:109580008DF80500A8788DF80600E8788DF80700BA
:1095900030788DF8080070788DF80900B0788DF873
:1095A0000A00F0788DF80B000C236A4649464046C5
:1095B000FFF786FB09B0BDE8F08370B505460C46A1
:1095C000607930B12146284600F0E4F80020207090
:1095D00070BDE07806285FD2DFE800F00308273E80
:1095E0005E472146284600F005FD56E0D4ED0B0A03
:1095F000B0EE600A2146284600F0C9FDB4F84600E6
:10960000B4F84410884207D0D4ED0C0AB0EE600ADA
:109610002146284600F0CEFDD4ED0E0AB0EE600AD9
:109620002146284600F0A0FD37E0D4ED0C0AB0EE4C
:10963000600A2146284600F036FEB4F84A00B4F825
:109640004810884207D0D4ED0E0AB0EE600A2146D9
:10965000284600F015FE20E0D4ED0D0AB0EE600AB9
:109660002146284600F082F817E0D4ED0B0AB0EE50
:10967000600A2146284600F053F8B4F84A00B4F8CE
:109680004810884207D0D4ED0C0AB0EE600A21469B
:10969000284600F058F800E000BF00BF3220FFF776
:1096A000D1F800BF94E7000010B500242CE004EBD3
:1096B0004400174901EB4010007870B104EB4401FD
:1096C000134A02EB411000F0DDFC04EB4400104AA9
:1096D00002EB40110F48FFF770FF04EB44010E4806
:1096E00000EB4110007870B104EB44020A4901EB31
:1096F000421000F0C7FC04EB4402074800EB4211A3
:109700000648FFF75AFF641C102CD0DB10BD000088
:10971000602B002464000024603100240401002434
:1097200070B52DED028B04460D46B0EE408A012344
:10973000B0EE480A47F216022946204600F05EFDC8
:10974000BDEC028B70BD70B52DED028B04460D464D
:10975000B0EE408A0123B0EE480A47F217022946CC
:10976000204600F04BFDBDEC028B70BD70B52DEDB9
:10977000028B04460D46B0EE408A0123B0EE480A43
:1097800047F206022946204600F038FDBDEC028B68
:1097900070BD000070B505460C46A0784FF08061A2
:1097A00041EA0020617808430A4908604FF0804090
:1097B0004860002088600820C860074800210160D8
:1097C0004160024603492846F7F7A6FD012084F8C8
:1097D0005E0070BD3C2B00242000002470B50546BF
:1097E0000C46A0784FF0407141EA002061780843B0
:1097F0000A4908604FF080404860002088600820D7
:10980000C8600748002101604160024603492846BC
:10981000F7F782FD012084F85E0070BD3C2B002428
:109820002000002410B50B0E022B06D0112B5FD0A8
:10983000152B6AD0182B6DD100E000BFC1F3034394
:1098400043715378147843EA042300EE103AF8EE9B
:10985000C00A9FED331A80EE810AF0EE000A60EE36
:10986000200A90ED021A90ED020A10EE810A80EDB6
:10987000070AD378947843EA042300EE103AF8EE0E
:10988000C00A9FED271A80EE810AF0EE000A60EE12
:10989000200A90ED031A90ED030A10EE810A80ED84
:1098A000080A5379147943EA042300EE103AF8EEDB
:1098B000C00A9FED1B1A80EE810AF0EE000A60EEEE
:1098C000200A90ED041A90ED040A10EE810A80ED52
:1098D000090AD379947943EA042300EE103AB8EEEA
:1098E000C00AF2EE040A80EE201A80ED0A1A12E095
:1098F000C1F3074343B91378547843EA042380F84B
:109900005C305368C0F85D3005E0437903F04003F4
:10991000437100E000BF00BF002380F85E3010BD3F
:1099200000FF7F472DE9F04105460C4616461F46CD
:10993000012D0DDB032D0BDC012C09DB102C07DCCA
:10994000002E05DB062E03DC002F01DB052F01DDD9
:10995000BDE8F08104F14F00C1B2681E00EB400089
:10996000F74A02EB4022601E00EB400002EB401081
:10997000417004F15F00C1B2681E00EB4000F04A84
:1099800002EB4022601E00EB400002EB40108170B1
:10999000681E00EB4000EA4901EB4021601E00EB2D
:1099A000400001EB4010C770681E00EB4000E44926
:1099B00001EB4021601E00EB400001EB40100671FE
:1099C0000121681E00EB4000DD4A02EB4022601ED0
:1099D00000EB400002EB401001700021681E00EB1C
:1099E0004000D74A02EB4022601E00EB400002EB31
:1099F000401080F85E10681E00EB4000D04A02EB79
:109A00004022601E00EB400002EB401041719FEDD0
:109A1000CD0A681E00EB4000C94901EB4021601EE1
:109A200000EB400001EB401080ED0B0A9FEDC50AF2
:109A3000681E00EB4000C24901EB4021601E00EBB4
:109A4000400001EB401080ED0C0A9FEDBE0A681E3D
:109A500000EB4000BA4901EB4021601E00EB4000E2
:109A600001EB401080ED0D0A9FEDB60A681E00EB79
:109A70004000B34901EB4021601E00EB400001EBC8
:109A8000401080ED0E0A9FEDAF0A681E00EB40000B
:109A9000AB4901EB4021601E00EB400001EB4010A0
:109AA00080ED0F0A9FEDA70A681E00EB4000A44955
:109AB00001EB4021601E00EB400001EB401080ED07
:109AC000100A072E7DD2DFE806F004509EEAFCFB68
:109AD000FA009FED9D0A681E00EB4000984901EBDB
:109AE0004021601E00EB400001EB401080ED020AB7
:109AF0009FED960A681E00EB4000914901EB402162
:109B0000601E00EB400001EB401080ED030AB2EE56
:109B10000C0A681E00EB4000894901EB4021601EE1
:109B200000EB400001EB401080ED040A9FED880A35
:109B3000681E00EB4000824901EB4021601E00EBF3
:109B4000400001EB401080ED050AB1EE040A681EEA
:109B500000EB40007A4901EB4021601E00EB400021
:109B600001EB401080ED060AE1E19FED770A681EE7
:109B700000EB4000724901EB4021601E00EB400009
:109B800001EB401080ED020A9FED720A681E00EBA7
:109B900040006B4901EB4021601E00EB400001EBEF
:109BA000401080ED030AB3EE010A681E00EB40008E
:109BB000634901EB4021601E00EB400001EB4010C7
:109BC00000E0B3E180ED040A9FED610A681E00EB3E
:109BD00040005B4901EB4021601E00EB400001EBBF
:109BE000401080ED050AB1EE040A681E00EB40004B
:109BF000534901EB4021601E00EB400001EB401097
:109C000080ED060A93E19FED500A681E00EB4000CC
:109C10004B4901EB4021601E00EB400001EB40107E
:109C200080ED020A9FED4B0A681E00EB400044499C
:109C300001EB4021601E00EB400001EB401080ED85
:109C4000030AB3EE010A681E00EB40003C4901EB39
:109C50004021601E00EB400001EB401080ED040A43
:109C60009FED3B0A681E00EB4000354901EB4021A7
:109C7000601E00EB400001EB401080ED050AB1EEE4
:109C8000040A681E00EB40002D4901EB4021601ED4
:109C900000EB400001EB401080ED060A47E19FED2C
:109CA0002A0A681E00EB4000254901EB4021601E96
:109CB00000EB400001EB401080ED020A02E0E9E019
:109CC0009CE04FE0B3EE040A681E00EB40001C4924
:109CD00001EB4021601E00EB400001EB401080EDE5
:109CE000030A9FED1D0A681E00EB4000144901EBBA
:109CF0004021601E00EB400001EB401080ED040AA3
:109D00009FED160A681E00EB40000D4901EB402153
:109D1000601E00EB400001EB401080ED050A9FED56
:109D2000100A681E00EB4000054901EB4021601E4F
:109D300000EB400001EB401080ED060AF7E0000068
:109D4000602B002400000000B81E494100000442BE
:109D50000000FA43000030420000704200409C4581
:109D60000000C8421FED080A681E00EB40009B4936
:109D700001EB4021601E00EB400001EB401080ED44
:109D8000020AB2EE0E0A681E00EB4000934901EB96
:109D90004021601E00EB400001EB401080ED030A03
:109DA0009FED8F0A681E00EB40008C4901EB4021BB
:109DB000601E00EB400001EB401080ED040A1FED37
:109DC000190A681E00EB4000844901EB4021601E27
:109DD00000EB400001EB401080ED050A1FED200A6A
:109DE000681E00EB40007D4901EB4021601E00EB46
:109DF000400001EB401080ED060A98E01FED2E0AAE
:109E0000681E00EB4000754901EB4021601E00EB2D
:109E1000400001EB401080ED020A9FED720A681EBF
:109E200000EB40006D4901EB4021601E00EB40005B
:109E300001EB401080ED030AB1EE060A681E00EB4C
:109E40004000664901EB4021601E00EB400001EB41
:109E5000401080ED040A1FED420A681E00EB40002E
:109E60005E4901EB4021601E00EB400001EB401019
:109E700080ED050AB1EE040A681E00EB4000574968
:109E800001EB4021601E00EB400001EB401080ED33
:109E9000060A4CE01FED540A681E00EB40004F49D3
:109EA00001EB4021601E00EB400001EB401080ED13
:109EB000020A9FED4C0A681E00EB4000474901EB87
:109EC0004021601E00EB400001EB401080ED030AD2
:109ED0009FED450A681E00EB4000404901EB402120
:109EE000601E00EB400001EB401080ED040A1FED06
:109EF000650A681E00EB4000384901EB4021601EF6
:109F000000EB400001EB401080ED050A1FED6C0AEC
:109F1000681E00EB4000314901EB4021601E00EB60
:109F2000400001EB401080ED060A00E000BF00BFDA
:109F3000012D02D0022D4CD125E04FF4FA70FEF72E
:109F400081FC681E00EB4000244A02EB4022601EA8
:109F500000EB400002EB40113A46244800F03DF986
:109F60004FF4FA70FEF76EFC681E00EB40001B4ACF
:109F700002EB4022601E00EB400002EB40111B4848
:109F8000FFF72CFC26E04FF4FA70FEF75BFC681E2E
:109F900000EB4000114A02EB4022601E00EB400043
:109FA00002EB40113A46124800F017F94FF4FA70EC
:109FB000FEF748FC681E00EB4000084A02EB402216
:109FC000601E00EB400002EB40110948FFF706FC61
:109FD00000E000BF00BF00BFBAE40000602B002417
:109FE0000000F042000048420000104264000024DB
:109FF000040100243EB505460C4644342089218ADC
:10A00000A289CDE900210290A38834F84429214691
:10A01000284600F001F83EBD2DE9F04781460C4688
:10A0200015461E46DDE9098A089F4FF0807040EA18
:10A030000A2061780843114908604FF08040486069
:10A04000002088600820C860280A0D4908704D70FB
:10A05000300A8870CE70380A08714F714FEA1820A4
:10A06000887181F807800A4604494846F7F754F991
:10A07000012084F85E00BDE8F08700003C2B00243E
:10A080002000002430F8441F41808188C18001896C
:10A0900041818189C181018A418210ED060A50ED1A
:10A0A0000F0A30EE200A50ED0F0AB0EE001A20EE33
:10A0B000811AC0EE010A9FED2B0A20EE800ABCEE49
:10A0C000C00A10EE101A018010ED050A50ED0E0ABC
:10A0D00030EE200A50ED0E0AB0EE001A20EE811A82
:10A0E000C0EE010A9FED1F0A20EE800ABCEEC00AF6
:10A0F00010EE101A818010ED040A50ED0D0A30EEBA
:10A10000200A50ED0D0AB0EE001A20EE811AC0EEC2
:10A11000010A9FED140A20EE800ABCEEC00A10EE80
:10A12000101A018110ED020A50ED0C0A80EE201A7F
:10A130009FED0C0A21EE000ABCEEC00A10EE101AC8
:10A14000818150ED010A10ED0B1A80EE810ADFEDDE
:10A15000050A20EE200ABCEEC00A10EE101A018299
:10A160004438704700FF7F4770B52DED028B0446E1
:10A170000D46B0EE408A0123B0EE480A47F22502B0
:10A180002946204600F03AF8BDEC028B70BD70B550
:10A190002DED028B04460D46B0EE408A0123B0EE51
:10A1A000480A47F216022946204600F027F8BDEC7F
:10A1B000028B70BD70B52DED028B04460D46B0EEDE
:10A1C000408A0123B0EE480A47F22402294620467D
:10A1D00000F014F8BDEC028B70BD70B505460E465C
:10A1E0001446002300EE104AB8EE400A47F205027A
:10A1F0003146284600F002F870BD00002DE9FF410D
:10A200002DED020B07460C4615461E46A0784FF072
:10A21000905141EA002061780843174908604FF0E7
:10A2200080404860002088600820C86013490D7095
:10A23000280A487000208870C870012E03D1084693
:10A24000009941600CE05EB99DED000ABCEEC00AC9
:10A2500010EE100A09490871002048718871C87110
:10A26000064A05493846F7F757F8012084F85E009A
:10A2700006B0BDE8F08100003C2B00242000002443
:10A2800070B52DED028B04460D46B0EE408A0123D9
:10A29000B0EE480A47F2220229462046FFF7AEFFF9
:10A2A000BDEC028B70BD70B52DED028B04460D46E2
:10A2B000B0EE408A0123B0EE480A47F20A0229466E
:10A2C0002046FFF79BFFBDEC028B70BDF3B52DED73
:10A2D000020B81B006460D4605F5007087B201AC51
:10A2E00020788DF8000060788DF80100A0788DF856
:10A2F0000200E0788DF8030004236A4639463046B0
:10A30000FEF7DEFC05B0F0BD00200749087248608A
:10A310007020087001F109000021016041600830DF
:10A320000160416070470000A441002410B504465C
:10A33000142221460148F6F7B0F810BDAD410024C3
:10A3400010B50B48007808300A49086000204860C2
:10A3500088600820C8600848054911310A68026011
:10A3600049684160024603490448F6F7D5FF10BD2D
:10A37000A4410024C04100242C000024A401002496
:10A38000B0EE401A30EEC10AF0EE401AB0EE412AAB
:10A3900000EE100AB8EEC00A60EE212A01228A40BF
:10A3A000521E00EE102AB8EEC03A82EE830A30EE5A
:10A3B000020A704730B50446002115E0002010E085
:10A3C00000F1100201EB410303EBC103094D05EB62
:10A3D000431300EB400505EBC00503EB85035A7002
:10A3E000401C0828ECDB491C0329E7DBFEF7C8F911
:10A3F00030BD0000843D00244FF04070E1EE100AB3
:10A40000704700000001020304050607080C101441
:10A410001820304000000000000000000000000094
:10A420000000000000000000010000000200000029
:10A430000300000004000000000000000500000010
:10A440000000000000000000000000000600000006
:10A4500000000000000000000000000007000000F5
:10A46000010002000400060008000A000C001000B1
:10A4700020004000800000010101010307010000ED
:10A4800008040204080101010000000001020304A5
:10A490000102030406070809B8A40008000000240C
:10A4A0003C00000008030008F4A400083C0000245D
:10A4B0000C48000024030008000000000000000019
:10A4C00010000000010000000090D0030090D003B5
:10A4D000000000000000000000000000000000007C
:10A4E000000000000000000000000000012345679C
:04A4F00089ABCDEF78
:04000005080002CD20
:00000001FF
